MT-1/M1.jpg,struct,
MT-1/M2.jpg,language,
MT-1/M3.jpg,userlevel,
MT-1/M4.jpg,unique,
MT-1/M5.jpg,employee,
MT-1/M6.jpg,written,
MT-1/M7.jpg,uses,
MT-1/M8.jpg,dynamic,
MT-1/M9.jpg,number,
MT-1/M10.jpg,definition,
MT-1/M11.jpg,define,
MT-1/M12.jpg,stuck,
MT-1/M13.jpg,structure,
MT-1/M14.jpg,member,
MT-1/M15.jpg,collect,
MT-1/M16.png,subject,
MT-1/M17.png,word,
MT-1/M18.png,error,
MT-1/M19.png,why,
MT-1/M20.png,engage,
MT-1/M21.png,heard,
MT-1/M22.png,play,
MT-1/M23.png,payment,
MT-1/M24.png,nature,
MT-1/M25.png,end,
MT-1/M26.png,each,
MT-1/M27.png,into,
MT-1/M28.png,only,
MT-1/M29.png,that,
MT-1/M30.png,intelligence,
MT-1/M31.png,journey,
MT-1/M32.png,Nationalist,
MT-1/M33.png,Northern,
MT-1/M34.png,agreed,
MT-1/M35.png,Federal,
MT-1/M36.png,Premier,
MT-1/M37.png,Settle,
MT-1/M38.png,industry,
MT-1/M39.png,layer,
MT-1/M40.png,And,
MT-1/M41.png,insisting,
MT-1/M42.png,demand,
MT-1/M43.png,Hotel,
MT-1/M44.png,elected,
MT-1/M45.png,king,
MT-1/M46.png,the,
MT-1/M47.png,greenfield,
MT-1/M48.png,cheques,
MT-1/M49.png,first,
MT-1/M50.png,country,
MT-1/M51.png,clear,
MT-1/M52.png,knowledge,
MT-1/M53.png,colonial,
MT-1/M54.png,spokesmen,
MT-1/M55.png,meeting,
MT-1/M56.png,remained,
MT-1/M57.png,writing,
MT-1/M58.png,committee,
MT-1/M59.png,nomination,
MT-1/M60.png,kennely,
MT-1/M61.png,personal,
MT-1/M62.png,talking,
MT-1/M63.png,with,
MT-1/M64.png,minimal,
MT-1/M65.png,western,
MT-1/M66.png,administration,
MT-1/M67.png,answer,
MT-1/M68.png,who,
MT-1/M69.png,Labour,
MT-1/M70.png,show,
MT-1/M71.png,their,
MT-1/M72.png,rewarded,
MT-1/M73.png,Market,
MT-1/M74.png,abandoned,
MT-1/M75.png,Wanted,
MT-1/M76.png,every,
MT-1/M77.png,safeguard,
MT-1/M78.png,represented,
MT-1/M79.png,limelight,
MT-1/M80.png,colonial,
MT-1/M81.png,bruneln,
MT-1/M82.png,negotiation,
MT-1/M83.png,demonstration,
MT-1/M84.png,largest,
MT-1/M85.png,president,
MT-1/M86.png,natural,
MT-1/M87.png,conference,
MT-1/M88.png,Relaxed,
MT-1/M89.png,smiling,
MT-1/M90.png,dealing,
MT-1/M91.png,smith,
MT-1/M92.png,power,
MT-1/M93.png,element,
MT-1/M94.png,yesterday,
MT-1/M95.png,document,
MT-1/M96.png,hot,
MT-1/M97.png,prepared,
MT-1/M98.png,declared,
MT-1/M99.png,concluded,
MT-1/M100.png,secretery,
MT-1/M101.png,statements,
MT-1/M102.png,away,
MT-1/M103.png,violence,
MT-1/M104.png,thought,
MT-1/M105.png,stimulated,
MT-1/M106.png,Government,
MT-1/M107.png,might,
MT-1/M108.png,nally,
MT-1/M109.png,illegal,
MT-1/M110.png,whether,
MT-1/M111.png,year,
MT-1/M112.png,age,
MT-1/M113.png,last,
MT-1/M114.png,used,
MT-1/M115.png,Today,
MT-1/M116.png,well,
MT-1/M117.png,Mr,
MT-1/M118.png,Butter,
MT-1/M119.png,parlement,
MT-1/M120.png,plan,
MT-1/M121.png,reserves,
MT-1/M122.png,constables,
MT-1/M123.png,wiseman,
MT-1/M124.png,whiteball,
MT-1/M125.png,working,
MT-1/M126.png,within,
MT-1/M127.png,tell,
MT-1/M128.png,discourses,
MT-1/M129.png,mob,
MT-1/M130.png,posed,
MT-1/M131.png,conservative,
MT-1/M132.png,minutes,
MT-1/M133.png,doorway,
MT-1/M134.png,anything,
MT-1/M135.png,Government,
MT-1/M136.png,looking,
MT-1/M137.png,more,
MT-1/M138.png,stations,
MT-1/M139.png,Macmillan,
MT-1/M140.png,mobilize,
MT-1/M141.png,Economic,
MT-1/M142.png,without,
MT-1/M143.png,community,
MT-1/M144.png,negociation,
MT-1/M145.png,afraid,
MT-1/M146.png,partition,
MT-1/M147.png,conceded,
MT-1/M148.png,partner,
MT-1/M149.png,comercial,
MT-1/M150.png,Overflow,
MT-1/M151.png,moral,
MT-1/M152.png,combies,
MT-1/M153.png,agriculture,
MT-1/M154.png,crime,
MT-1/M155.png,remove,
MT-1/M156.png,taken,
MT-1/M157.png,national,
MT-1/M158.png,employ,
MT-1/M159.png,arrive,
MT-1/M160.png,made,
MT-1/M161.png,proud,
MT-1/M162.png,simply,
MT-1/M163.png,adequate,
MT-1/M164.png,enough,
MT-1/M165.png,support,
MT-1/M166.png,which,
MT-1/M167.png,stressed,
MT-1/M168.png,spoken,
MT-1/M169.png,wanted,
MT-1/M170.png,divine,
MT-1/M171.png,could,
MT-1/M172.png,mission,
MT-1/M173.png,cramped,
MT-1/M174.png,apartheid,
MT-1/M175.png,existence,
MT-1/M176.png,bat,
MT-1/M177.png,conciliation,
MT-1/M178.png,recognise,
MT-1/M179.png,outsider,
MT-1/M180.png,whereby,
MT-1/M181.png,otherwise,
MT-1/M182.png,grateful,
MT-1/M183.png,fluenced,
MT-1/M184.png,prospect,
MT-1/M185.png,always,
MT-1/M186.png,complete,
MT-1/M187.png,meeting,
MT-1/M188.png,seems,
MT-1/M189.png,needed,
MT-1/M190.png,completely,
MT-1/M191.png,comically,
MT-1/M192.png,night,
MT-1/M193.png,Richards,
MT-1/M194.png,charts,
MT-1/M195.png,worth,
MT-1/M196.png,sharp,
MT-1/M197.png,together,
MT-1/M198.png,destination,
MT-1/M199.png,scenes,
MT-1/M200.png,strewn,
MT-1/M201.png,original,
MT-1/M202.png,longest,
MT-1/M203.png,nature,
MT-1/M204.png,much,
MT-1/M205.png,physical,
MT-1/M206.png,happens,
MT-1/M207.png,have,
MT-1/M208.png,head,
MT-1/M209.png,problem,
MT-1/M210.png,lancer,
MT-1/M211.png,industry,
MT-1/M212.png,have,
MT-1/M213.png,meeting,
MT-1/M214.png,and,
MT-1/M215.png,easily,
MT-1/M216.png,into,
MT-1/M217.png,consulted,
MT-1/M218.png,that,
MT-1/M219.png,tester,
MT-1/M220.png,you,
MT-1/M221.png,heated,
MT-1/M222.png,but,
MT-1/M223.png,with,
MT-1/M224.png,which,
MT-1/M225.png,majority,
MT-1/M226.png,most,
MT-1/M227.png,and,
MT-1/M228.png,burno,
MT-1/M229.png,reasonable,
MT-1/M230.png,lucia,
MT-1/M231.png,alphabet,
MT-1/M232.png,there,
MT-1/M233.png,the,
MT-1/M234.png,service,
MT-1/M235.png,apart,
MT-1/M236.png,counsels,
MT-1/M237.png,vennes,
MT-1/M238.png,this,
MT-1/M239.png,thought,
MT-1/M240.png,names,
MT-1/M241.png,appeared,
MT-1/M242.png,which,
MT-1/M243.png,think,
MT-1/M244.png,first,
MT-1/M245.png,lose,
MT-1/M246.png,bought,
MT-1/M247.png,the,
MT-1/M248.png,on,
MT-1/M249.png,photo,
MT-1/M250.png,doorposts,
MT-1/M251.png,things,
MT-1/M252.png,whis,
MT-1/M253.png,healthy,
MT-1/M254.png,that,
MT-1/M255.png,and,
MT-1/M256.png,employees,
MT-1/M257.png,with,
MT-1/M258.png,naples,
MT-1/M259.png,bot,
MT-1/M260.png,made,
MT-1/M261.png,abolition,
MT-1/M262.png,remains,
MT-1/M263.png,range,
MT-1/M264.png,times,
MT-1/M265.png,was,
MT-1/M266.png,hrms,
MLDN2_1/word_MLDN2_1_0.png,join,
MLDN2_1/word_MLDN2_1_101.png,key,
MLDN2_1/word_MLDN2_1_109.png,ideal,
MLDN2_1/word_MLDN2_1_110.png,kite,
MLDN2_1/word_MLDN2_1_111.png,onion,
MLDN2_1/word_MLDN2_1_112.png,kittle,
MLDN2_1/word_MLDN2_1_113.png,kill,
MLDN2_1/word_MLDN2_1_119.png,journ,
MLDN2_1/word_MLDN2_1_120.png,killing,
MLDN2_1/word_MLDN2_1_121.png,night,
MLDN2_1/word_MLDN2_1_160.png,never,
MLDN2_1/word_MLDN2_1_18.png,identity,
MLDN2_1/word_MLDN2_1_2.png,nail,
MLDN2_1/word_MLDN2_1_20.png,nighty,
MLDN2_1/word_MLDN2_1_21.png,meeting,
MLDN2_1/word_MLDN2_1_214.png,eighbor,
MLDN2_1/word_MLDN2_1_215.png,ocean,
MLDN2_1/word_MLDN2_1_224.png,on,
MLDN2_1/word_MLDN2_1_254.png,nine,
MLDN2_1/word_MLDN2_1_270.png,level,
MLDN2_1/word_MLDN2_1_3.png,once,
MLDN2_1/word_MLDN2_1_32.png,night,
MLDN2_1/word_MLDN2_1_335.png,olympic,
MLDN2_1/word_MLDN2_1_343.png,odd,
MLDN2_1/word_MLDN2_1_4.png,odd,
MLDN2_1/word_MLDN2_1_6.png,next,
MLDN2_1/word_MLDN2_1_7.png,edit,
MLDN2_1/word_MLDN2_1_8.png,mast,
MLDN2_1/word_MLDN2_1_89.png,made,
MLDN2_1/word_MLDN2_1_9.png,many,
MLDN2_1/word_MLDN2_1_92.png,parial,
MLDN2_1/word_MLDN2_1_97.png,offen,
MLDN2_10/word_MLDN2_10_66.png,candy,
MLDN2_10/word_MLDN2_10_70.png,beast,
MLDN2_10/word_MLDN2_10_71.png,bekon,
MLDN2_10/word_MLDN2_10_72.png,biase,
MLDN2_10/word_MLDN2_10_73.png,barely,
MLDN2_10/word_MLDN2_10_75.png,ergo,
MLDN2_10/word_MLDN2_10_76.png,bagy,
MLDN2_10/word_MLDN2_10_77.png,bardor,
MLDN2_10/word_MLDN2_10_78.png,candy,
MLDN2_10/word_MLDN2_10_79.png,baker,
MLDN2_10/word_MLDN2_10_80.png,biase,
MLDN2_10/word_MLDN2_10_92.png,barbaric,
MLDN2_10/word_MLDN2_10_93.png,bent,
MLDN2_10/word_MLDN2_10_94.png,ergo,
MLDN2_10/word_MLDN2_10_148.png,career,
MLDN2_10/word_MLDN2_10_149.png,cargo,
MLDN2_10/word_MLDN2_10_150.png,barrac,
MLDN2_10/word_MLDN2_10_152.png,bashful,
MLDN2_10/word_MLDN2_10_154.png,barrack,
MLDN2_10/word_MLDN2_10_155.png,bashful,
MLDN2_10/word_MLDN2_10_158.png,beyond,
MLDN2_10/word_MLDN2_10_161.png,basing,
MLDN2_10/word_MLDN2_10_162.png,belt,
MLDN2_10/word_MLDN2_10_163.png,bind,
MLDN2_10/word_MLDN2_10_164.png,beat,
MLDN2_10/word_MLDN2_10_172.png,bellow,
MLDN2_10/word_MLDN2_10_173.png,cargo,
MLDN2_10/word_MLDN2_10_178.png,beat,
MLDN2_10/word_MLDN2_10_179.png,bold,
MLDN2_10/word_MLDN2_10_180.png,beyond,
MLDN2_10/word_MLDN2_10_183.png,bind,
MLDN2_10/word_MLDN2_10_186.png,by,
MLDN2_10/word_MLDN2_10_189.png,bashfull,
MLDN2_10/word_MLDN2_10_190.png,belt,
MLDN2_10/word_MLDN2_10_193.png,belt,
MLDN2_10/word_MLDN2_10_196.png,bellow,
MLDN2_10/word_MLDN2_10_197.png,beat,
MLDN2_10/word_MLDN2_10_205.png,barrack,
MLDN2_10/word_MLDN2_10_212.png,basing,
MLDN2_10/word_MLDN2_10_217.png,bold,
MLDN2_10/word_MLDN2_10_219.png,bind,
MLDN2_10/word_MLDN2_10_226.png,bellow,
MLDN2_10/word_MLDN2_10_229.png,basing,
MLDN2_10/word_MLDN2_10_31.png,baily,
MLDN2_10/word_MLDN2_10_33.png,beliat,
MLDN2_10/word_MLDN2_10_36.png,canttea,
MLDN2_10/word_MLDN2_10_41.png,became,
MLDN2_10/word_MLDN2_10_42.png,bard,
MLDN2_10/word_MLDN2_10_46.png,cartoon,
MLDN2_10/word_MLDN2_10_48.png,befiat,
MLDN2_10/word_MLDN2_10_50.png,bay,
MLDN2_10/word_MLDN2_10_51.png,bays,
MLDN2_11/word_MLDN2_11_129.png,aerail,
MLDN2_11/word_MLDN2_11_131.png,abdacty,
MLDN2_11/word_MLDN2_11_135.png,aerial,
MLDN2_11/word_MLDN2_11_136.png,action,
MLDN2_11/word_MLDN2_11_140.png,abdacty,
MLDN2_11/word_MLDN2_11_142.png,accent,
MLDN2_11/word_MLDN2_11_161.png,abiate,
MLDN2_11/word_MLDN2_11_162.png,baby,
MLDN2_11/word_MLDN2_11_163.png,beef,
MLDN2_11/word_MLDN2_11_164.png,befit,
MLDN2_11/word_MLDN2_11_168.png,also,
MLDN2_11/word_MLDN2_11_173.png,aimy,
MLDN2_11/word_MLDN2_11_178.png,aberration,
MLDN2_11/word_MLDN2_11_180.png,baby,
MLDN2_11/word_MLDN2_11_181.png,befit,
MLDN2_11/word_MLDN2_11_182.png,batch,
MLDN2_11/word_MLDN2_11_185.png,aimy,
MLDN2_11/word_MLDN2_11_187.png,also,
MLDN2_11/word_MLDN2_11_190.png,bezarre,
MLDN2_11/word_MLDN2_11_191.png,bill,
MLDN2_11/word_MLDN2_11_194.png,baby,
MLDN2_11/word_MLDN2_11_195.png,batch,
MLDN2_11/word_MLDN2_11_196.png,beef,
MLDN2_11/word_MLDN2_11_202.png,befit,
MLDN2_11/word_MLDN2_11_204.png,actor,
MLDN2_11/word_MLDN2_11_212.png,bill,
MLDN2_11/word_MLDN2_11_213.png,beef,
MLDN2_11/word_MLDN2_11_216.png,bizarrte,
MLDN2_11/word_MLDN2_11_226.png,batch,
MLDN2_11/word_MLDN2_11_232.png,abridge,
MLDN2_11/word_MLDN2_11_234.png,bizarrte,
MLDN2_11/word_MLDN2_11_239.png,bill,
MLDN2_11/word_MLDN2_11_242.png,aesthetic,
MLDN2_11/word_MLDN2_11_243.png,abridge,
MLDN2_11/word_MLDN2_11_252.png,abbreviate,
MLDN2_11/word_MLDN2_11_253.png,accept,
MLDN2_11/word_MLDN2_11_265.png,abbreviate,
MLDN2_11/word_MLDN2_11_269.png,academic,
MLDN2_11/word_MLDN2_11_272.png,accept,
MLDN2_11/word_MLDN2_11_275.png,academic,
MLDN2_11/word_MLDN2_11_296.png,alloy,
MLDN2_11/word_MLDN2_11_298.png,accute,
MLDN2_11/word_MLDN2_11_303.png,along,
MLDN2_11/word_MLDN2_11_306.png,abroad,
MLDN2_11/word_MLDN2_11_308.png,accute,
MLDN2_11/word_MLDN2_11_309.png,alloy,
MLDN2_11/word_MLDN2_11_318.png,access,
MLDN2_11/word_MLDN2_11_32.png,bastel,
MLDN2_11/word_MLDN2_11_322.png,abroad,
MLDN2_11/word_MLDN2_11_328.png,alloy,
MLDN2_11/word_MLDN2_11_33.png,befally,
MLDN2_11/word_MLDN2_11_331.png,along,
MLDN2_11/word_MLDN2_11_333.png,access,
MLDN2_11/word_MLDN2_11_336.png,affair,
MLDN2_11/word_MLDN2_11_337.png,abroad,
MLDN2_11/word_MLDN2_11_338.png,abdicate,
MLDN2_11/word_MLDN2_11_34.png,abrasive,
MLDN2_11/word_MLDN2_11_344.png,basics,
MLDN2_11/word_MLDN2_11_349.png,accord,
MLDN2_11/word_MLDN2_11_351.png,bowl,
MLDN2_11/word_MLDN2_11_368.png,basics,
MLDN2_11/word_MLDN2_11_37.png,Babble,
MLDN2_11/word_MLDN2_11_371.png,accord,
MLDN2_11/word_MLDN2_11_38.png,absolute,
MLDN2_11/word_MLDN2_11_383.png,bit,
MLDN2_11/word_MLDN2_11_387.png,affair,
MLDN2_11/word_MLDN2_11_397.png,bowl,
MLDN2_11/word_MLDN2_11_42.png,act,
MLDN2_11/word_MLDN2_11_427.png,bit,
MLDN2_11/word_MLDN2_11_438.png,bettle,
MLDN2_11/word_MLDN2_11_441.png,accord,
MLDN2_11/word_MLDN2_11_443.png,basics,
MLDN2_11/word_MLDN2_11_447.png,bind,
MLDN2_11/word_MLDN2_11_449.png,bowl,
MLDN2_11/word_MLDN2_11_45.png,affect,
MLDN2_11/word_MLDN2_11_46.png,bite,
MLDN2_11/word_MLDN2_11_50.png,abrupt,
MLDN2_11/word_MLDN2_11_68.png,astel,
MLDN2_11/word_MLDN2_11_71.png,babble,
MLDN2_11/word_MLDN2_11_73.png,abrasive,
MLDN2_11/word_MLDN2_11_78.png,ally,
MLDN2_11/word_MLDN2_11_79.png,bastel,
MLDN2_11/word_MLDN2_11_86.png,affect,
MLDN2_12/word_MLDN2_12_101.png,bore,
MLDN2_12/word_MLDN2_12_103.png,batch,
MLDN2_12/word_MLDN2_12_104.png,beg,
MLDN2_12/word_MLDN2_12_109.png,base,
MLDN2_12/word_MLDN2_12_110.png,berth,
MLDN2_12/word_MLDN2_12_111.png,beauty,
MLDN2_12/word_MLDN2_12_113.png,bead,
MLDN2_12/word_MLDN2_12_115.png,beneath,
MLDN2_12/word_MLDN2_12_116.png,behold,
MLDN2_12/word_MLDN2_12_118.png,bend,
MLDN2_12/word_MLDN2_12_121.png,builder,
MLDN2_12/word_MLDN2_12_124.png,bark,
MLDN2_12/word_MLDN2_12_125.png,bicycle,
MLDN2_12/word_MLDN2_12_127.png,beauty,
MLDN2_12/word_MLDN2_12_129.png,berth,
MLDN2_12/word_MLDN2_12_130.png,bold,
MLDN2_12/word_MLDN2_12_132.png,beg,
MLDN2_12/word_MLDN2_12_133.png,batch,
MLDN2_12/word_MLDN2_12_134.png,behold,
MLDN2_12/word_MLDN2_12_135.png,bead,
MLDN2_12/word_MLDN2_12_137.png,bark,
MLDN2_12/word_MLDN2_12_142.png,bicycle,
MLDN2_12/word_MLDN2_12_143.png,base,
MLDN2_12/word_MLDN2_12_145.png,behold,
MLDN2_12/word_MLDN2_12_146.png,beauty,
MLDN2_12/word_MLDN2_12_147.png,bead,
MLDN2_12/word_MLDN2_12_149.png,bicycle,
MLDN2_12/word_MLDN2_12_150.png,builder,
MLDN2_12/word_MLDN2_12_151.png,bold,
MLDN2_12/word_MLDN2_12_152.png,behold,
MLDN2_12/word_MLDN2_12_153.png,berth,
MLDN2_12/word_MLDN2_12_192.png,barom,
MLDN2_12/word_MLDN2_12_202.png,bellow,
MLDN2_12/word_MLDN2_12_205.png,belief,
MLDN2_12/word_MLDN2_12_206.png,begrudge,
MLDN2_12/word_MLDN2_12_208.png,bar,
MLDN2_12/word_MLDN2_12_210.png,beset,
MLDN2_12/word_MLDN2_12_221.png,becalum,
MLDN2_12/word_MLDN2_12_220.png,barrel,
MLDN2_12/word_MLDN2_12_227.png,bay,
MLDN2_12/word_MLDN2_12_228.png,belief,
MLDN2_12/word_MLDN2_12_229.png,benedict,
MLDN2_12/word_MLDN2_12_240.png,bard,
MLDN2_12/word_MLDN2_12_241.png,bigote,
MLDN2_12/word_MLDN2_12_242.png,bean,
MLDN2_12/word_MLDN2_12_243.png,beset,
MLDN2_12/word_MLDN2_12_250.png,begrudge,
MLDN2_12/word_MLDN2_12_254.png,bind,
MLDN2_12/word_MLDN2_12_255.png,belief,
MLDN2_12/word_MLDN2_12_256.png,barometer,
MLDN2_12/word_MLDN2_12_258.png,becalum,
MLDN2_12/word_MLDN2_12_262.png,barrel,
MLDN2_12/word_MLDN2_12_269.png,benefit,
MLDN2_12/word_MLDN2_12_272.png,bard,
MLDN2_12/word_MLDN2_12_278.png,beset,
MLDN2_12/word_MLDN2_12_284.png,bean,
MLDN2_12/word_MLDN2_12_286.png,belief,
MLDN2_12/word_MLDN2_12_287.png,bigote,
MLDN2_12/word_MLDN2_12_298.png,bay,
MLDN2_12/word_MLDN2_12_299.png,baker,
MLDN2_12/word_MLDN2_12_317.png,barrel,
MLDN2_12/word_MLDN2_12_322.png,bay,
MLDN2_12/word_MLDN2_12_324.png,bard,
MLDN2_12/word_MLDN2_12_356.png,bean,
MLDN2_12/word_MLDN2_12_53.png,behind,
MLDN2_12/word_MLDN2_12_54.png,belong,
MLDN2_12/word_MLDN2_12_55.png,bench,
MLDN2_12/word_MLDN2_12_57.png,bangle,
MLDN2_12/word_MLDN2_12_64.png,bellow,
MLDN2_12/word_MLDN2_12_65.png,behind,
MLDN2_12/word_MLDN2_12_66.png,belong,
MLDN2_12/word_MLDN2_12_67.png,bench,
MLDN2_12/word_MLDN2_12_68.png,bend,
MLDN2_12/word_MLDN2_12_88.png,long,
MLDN2_12/word_MLDN2_12_96.png,bend,
MLDN2_12/word_MLDN2_12_97.png,beneat,
MLDN2_13/word_MLDN2_13_100.png,during,
MLDN2_13/word_MLDN2_13_101.png,disallow,
MLDN2_13/word_MLDN2_13_107.png,diary,
MLDN2_13/word_MLDN2_13_116.png,diase,
MLDN2_13/word_MLDN2_13_141.png,demin,
MLDN2_13/word_MLDN2_13_142.png,demin,
MLDN2_13/word_MLDN2_13_144.png,diase,
MLDN2_13/word_MLDN2_13_146.png,decamp,
MLDN2_13/word_MLDN2_13_147.png,deacom,
MLDN2_13/word_MLDN2_13_77.png,dessert,
MLDN2_13/word_MLDN2_13_79.png,dig,
MLDN2_13/word_MLDN2_13_80.png,dusl,
MLDN2_13/word_MLDN2_13_81.png,dew,
MLDN2_13/word_MLDN2_13_82.png,delete,
MLDN2_13/word_MLDN2_13_85.png,dark,
MLDN2_13/word_MLDN2_13_87.png,during,
MLDN2_13/word_MLDN2_13_91.png,deluxe,
MLDN2_13/word_MLDN2_13_97.png,diary,
MLDN2_13/word_MLDN2_13_98.png,deleted,
MLDN2_13/word_MLDN2_13_99.png,disallow,
MLDN2_13/word_MLDN2_13_151.png,den,
MLDN2_13/word_MLDN2_13_152.png,detain,
MLDN2_13/word_MLDN2_13_153.png,dead,
MLDN2_13/word_MLDN2_13_156.png,diase,
MLDN2_13/word_MLDN2_13_160.png,discolor,
MLDN2_13/word_MLDN2_13_161.png,devoid,
MLDN2_13/word_MLDN2_13_163.png,delim,
MLDN2_13/word_MLDN2_13_165.png,detergant,
MLDN2_13/word_MLDN2_13_166.png,diction,
MLDN2_13/word_MLDN2_13_167.png,deacom,
MLDN2_13/word_MLDN2_13_168.png,detain,
MLDN2_13/word_MLDN2_13_171.png,dead,
MLDN2_13/word_MLDN2_13_173.png,disclose,
MLDN2_13/word_MLDN2_13_174.png,demin,
MLDN2_13/word_MLDN2_13_175.png,discolor,
MLDN2_13/word_MLDN2_13_183.png,dead,
MLDN2_13/word_MLDN2_13_184.png,detergant,
MLDN2_13/word_MLDN2_13_186.png,diction,
MLDN2_13/word_MLDN2_13_187.png,delim,
MLDN2_13/word_MLDN2_13_188.png,devoid,
MLDN2_13/word_MLDN2_13_190.png,denay,
MLDN2_13/word_MLDN2_13_191.png,disclose,
MLDN2_13/word_MLDN2_13_195.png,discolor,
MLDN2_13/word_MLDN2_13_35.png,Dine,
MLDN2_13/word_MLDN2_13_38.png,devout,
MLDN2_13/word_MLDN2_13_39.png,delicte,
MLDN2_13/word_MLDN2_13_41.png,dear,
MLDN2_13/word_MLDN2_13_43.png,disc,
MLDN2_13/word_MLDN2_13_48.png,dine,
MLDN2_13/word_MLDN2_13_49.png,deliberate,
MLDN2_13/word_MLDN2_13_50.png,diffuse,
MLDN2_13/word_MLDN2_13_52.png,durest,
MLDN2_13/word_MLDN2_13_62.png,delicious,
MLDN2_13/word_MLDN2_13_63.png,despatch,
MLDN2_13/word_MLDN2_13_69.png,delete,
MLDN2_13/word_MLDN2_13_71.png,dig,
MLDN2_13/word_MLDN2_13_74.png,delast,
MLDN2_13/word_MLDN2_13_75.png,dusk,
MLDN2_13/word_MLDN2_13_148.png,deny,
MLDN2_13/word_MLDN2_13_178.png,den ,
MLDN2_13/word_MLDN2_13_76.png,disbuse,
MLDN2_14/word_MLDN2_14_101.png,defeat,
MLDN2_14/word_MLDN2_14_102.png,deck,
MLDN2_14/word_MLDN2_14_103.png,dust,
MLDN2_14/word_MLDN2_14_104.png,damn,
MLDN2_14/word_MLDN2_14_105.png,dig,
MLDN2_14/word_MLDN2_14_107.png,digest,
MLDN2_14/word_MLDN2_14_108.png,dire,
MLDN2_14/word_MLDN2_14_110.png,darty,
MLDN2_14/word_MLDN2_14_111.png,devote,
MLDN2_14/word_MLDN2_14_112.png,degrad,
MLDN2_14/word_MLDN2_14_113.png,despatch,
MLDN2_14/word_MLDN2_14_117.png,dilate,
MLDN2_14/word_MLDN2_14_119.png,dig,
MLDN2_14/word_MLDN2_14_120.png,deck,
MLDN2_14/word_MLDN2_14_121.png,defeat,
MLDN2_14/word_MLDN2_14_55.png,decor,
MLDN2_14/word_MLDN2_14_56.png,derogatory,
MLDN2_14/word_MLDN2_14_58.png,dimple,
MLDN2_14/word_MLDN2_14_60.png,danger,
MLDN2_14/word_MLDN2_14_64.png,disciple,
MLDN2_14/word_MLDN2_14_66.png,decamp,
MLDN2_14/word_MLDN2_14_67.png,desolate,
MLDN2_14/word_MLDN2_14_70.png,digital,
MLDN2_14/word_MLDN2_14_78.png,danger,
MLDN2_14/word_MLDN2_14_79.png,deligent,
MLDN2_14/word_MLDN2_14_87.png,dabble,
MLDN2_14/word_MLDN2_14_88.png,dam,
MLDN2_14/word_MLDN2_14_132.png,digest,
MLDN2_14/word_MLDN2_14_133.png,despatch,
MLDN2_14/word_MLDN2_14_136.png,dust,
MLDN2_14/word_MLDN2_14_138.png,dilate,
MLDN2_14/word_MLDN2_14_142.png,defeat,
MLDN2_14/word_MLDN2_14_145.png,degrad,
MLDN2_14/word_MLDN2_14_149.png,dilute,
MLDN2_14/word_MLDN2_14_152.png,defeat,
MLDN2_14/word_MLDN2_14_168.png,did,
MLDN2_14/word_MLDN2_14_172.png,demp,
MLDN2_14/word_MLDN2_14_174.png,digital,
MLDN2_14/word_MLDN2_14_177.png,dead,
MLDN2_14/word_MLDN2_14_178.png,deport,
MLDN2_14/word_MLDN2_14_180.png,dedicate,
MLDN2_14/word_MLDN2_14_182.png,duty,
MLDN2_14/word_MLDN2_14_183.png,devite,
MLDN2_14/word_MLDN2_14_185.png,dagger,
MLDN2_14/word_MLDN2_14_186.png,dwell,
MLDN2_14/word_MLDN2_14_187.png,dine,
MLDN2_14/word_MLDN2_14_188.png,dire,
MLDN2_14/word_MLDN2_14_189.png,dance,
MLDN2_14/word_MLDN2_14_190.png,dow,
MLDN2_14/word_MLDN2_14_191.png,decease,
MLDN2_14/word_MLDN2_14_192.png,digital,
MLDN2_14/word_MLDN2_14_128.png,dank,
MLDN2_14/word_MLDN2_14_198.png,demp,
MLDN2_14/word_MLDN2_14_52.png,dimple,
MLDN2_14/word_MLDN2_14_199.png,devite,
MLDN2_14/word_MLDN2_14_200.png,dedicate,
MLDN2_14/word_MLDN2_14_203.png,dead,
MLDN2_14/word_MLDN2_14_205.png,dire,
MLDN2_14/word_MLDN2_14_207.png,dow,
MLDN2_14/word_MLDN2_14_208.png,deport,
MLDN2_14/word_MLDN2_14_210.png,duty,
MLDN2_14/word_MLDN2_14_211.png,decease,
MLDN2_14/word_MLDN2_14_215.png,digital,
MLDN2_14/word_MLDN2_14_218.png,demp,
MLDN2_14/word_MLDN2_14_225.png,dire,
MLDN2_14/word_MLDN2_14_226.png,dwell,
MLDN2_14/word_MLDN2_14_229.png,dedicate,
MLDN2_14/word_MLDN2_14_233.png,deport,
MLDN2_14/word_MLDN2_14_236.png,decease,
MLDN2_14/word_MLDN2_14_237.png,dedicate,
MLDN2_14/word_MLDN2_14_244.png,deport,
MLDN2_15/word_MLDN2_15_10.png,emissary,
MLDN2_15/word_MLDN2_15_101.png,emite,
MLDN2_15/word_MLDN2_15_102.png,emboss,
MLDN2_15/word_MLDN2_15_105.png,deity,
MLDN2_15/word_MLDN2_15_107.png,deducte,
MLDN2_15/word_MLDN2_15_109.png,dignity,
MLDN2_15/word_MLDN2_15_11.png,empower,
MLDN2_15/word_MLDN2_15_115.png,employ,
MLDN2_15/word_MLDN2_15_117.png,emiet,
MLDN2_15/word_MLDN2_15_118.png,emobss,
MLDN2_15/word_MLDN2_15_13.png,emotion,
MLDN2_15/word_MLDN2_15_7.png,defer,
MLDN2_15/word_MLDN2_15_70.png,embreric,
MLDN2_15/word_MLDN2_15_71.png,dignity,
MLDN2_15/word_MLDN2_15_72.png,decipher,
MLDN2_15/word_MLDN2_15_74.png,emend,
MLDN2_15/word_MLDN2_15_76.png,emite,
MLDN2_15/word_MLDN2_15_77.png,emend,
MLDN2_15/word_MLDN2_15_78.png,employ,
MLDN2_15/word_MLDN2_15_79.png,dedute,
MLDN2_15/word_MLDN2_15_80.png,emit,
MLDN2_15/word_MLDN2_15_81.png,emboss,
MLDN2_15/word_MLDN2_15_86.png,decterity,
MLDN2_15/word_MLDN2_15_88.png,deity,
MLDN2_15/word_MLDN2_15_89.png,defer,
MLDN2_15/word_MLDN2_15_9.png,dept,
MLDN2_15/word_MLDN2_15_92.png,emissary,
MLDN2_15/word_MLDN2_15_93.png,embreard,
MLDN2_15/word_MLDN2_15_95.png,dignity,
MLDN2_15/word_MLDN2_15_97.png,emiet,
MLDN2_15/word_MLDN2_15_98.png,employ,
MLDN2_15/word_MLDN2_15_99.png,emend,
MLDN2_15/word_MLDN2_15_14.png,eminent,
MLDN2_15/word_MLDN2_15_156.png,dead,
MLDN2_15/word_MLDN2_15_157.png,deduct,
MLDN2_15/word_MLDN2_15_158.png,dell,
MLDN2_15/word_MLDN2_15_16.png,embold,
MLDN2_15/word_MLDN2_15_160.png,detect,
MLDN2_15/word_MLDN2_15_161.png,devil,
MLDN2_15/word_MLDN2_15_162.png,empire,
MLDN2_15/word_MLDN2_15_163.png,emery,
MLDN2_15/word_MLDN2_15_167.png,elusive,
MLDN2_15/word_MLDN2_15_169.png,embryo,
MLDN2_15/word_MLDN2_15_17.png,dental,
MLDN2_15/word_MLDN2_15_174.png,emite,
MLDN2_15/word_MLDN2_15_175.png,dell,
MLDN2_15/word_MLDN2_15_176.png,empire,
MLDN2_15/word_MLDN2_15_177.png,deduct,
MLDN2_15/word_MLDN2_15_179.png,dead,
MLDN2_15/word_MLDN2_15_18.png,embatte,
MLDN2_15/word_MLDN2_15_180.png,emand,
MLDN2_15/word_MLDN2_15_184.png,elusive,
MLDN2_15/word_MLDN2_15_190.png,devil,
MLDN2_15/word_MLDN2_15_193.png,dell,
MLDN2_15/word_MLDN2_15_195.png,detect,
MLDN2_15/word_MLDN2_15_201.png,emite,
MLDN2_15/word_MLDN2_15_202.png,emend,
MLDN2_15/word_MLDN2_15_26.png,emboden,
MLDN2_15/word_MLDN2_15_203.png,elusive,
MLDN2_15/word_MLDN2_15_222.png,duet,
MLDN2_15/word_MLDN2_15_23.png,emissary,
MLDN2_15/word_MLDN2_15_24.png,dime,
MLDN2_15/word_MLDN2_15_25.png,defraud,
MLDN2_15/word_MLDN2_15_27.png,empower,
MLDN2_15/word_MLDN2_15_28.png,emotion,
MLDN2_15/word_MLDN2_15_29.png,dept,
MLDN2_15/word_MLDN2_15_31.png,emoboldess,
MLDN2_15/word_MLDN2_15_33.png,dental,
MLDN2_15/word_MLDN2_15_34.png,eminent,
MLDN2_15/word_MLDN2_15_35.png,dime,
MLDN2_15/word_MLDN2_15_4.png,defraud,
MLDN2_15/word_MLDN2_15_5.png,embold,
MLDN2_16/word_MLDN2_16_102.png,ebo,
MLDN2_16/word_MLDN2_16_104.png,elongate,
MLDN2_16/word_MLDN2_16_107.png,eager,
MLDN2_16/word_MLDN2_16_111.png,economy,
MLDN2_16/word_MLDN2_16_112.png,ejective,
MLDN2_16/word_MLDN2_16_113.png,element,
MLDN2_16/word_MLDN2_16_115.png,embryo,
MLDN2_16/word_MLDN2_16_116.png,east,
MLDN2_16/word_MLDN2_16_117.png,echo,
MLDN2_16/word_MLDN2_16_119.png,ebo,
MLDN2_16/word_MLDN2_16_134.png,element,
MLDN2_16/word_MLDN2_16_137.png,efface,
MLDN2_16/word_MLDN2_16_138.png,eclipse,
MLDN2_16/word_MLDN2_16_140.png,economy,
MLDN2_16/word_MLDN2_16_143.png,embryo,
MLDN2_16/word_MLDN2_16_144.png,echo,
MLDN2_16/word_MLDN2_16_161.png,edition,
MLDN2_16/word_MLDN2_16_162.png,eagle,
MLDN2_16/word_MLDN2_16_163.png,edition,
MLDN2_16/word_MLDN2_16_164.png,eagle,
MLDN2_16/word_MLDN2_16_165.png,earn,
MLDN2_16/word_MLDN2_16_166.png,eject,
MLDN2_16/word_MLDN2_16_169.png,ecology,
MLDN2_16/word_MLDN2_16_170.png,easy,
MLDN2_16/word_MLDN2_16_171.png,elarte,
MLDN2_16/word_MLDN2_16_173.png,ebony,
MLDN2_16/word_MLDN2_16_175.png,embars,
MLDN2_16/word_MLDN2_16_178.png,elder,
MLDN2_16/word_MLDN2_16_182.png,elapse,
MLDN2_16/word_MLDN2_16_185.png,elope,
MLDN2_16/word_MLDN2_16_186.png,eject,
MLDN2_16/word_MLDN2_16_187.png,edge,
MLDN2_16/word_MLDN2_16_190.png,elapse,
MLDN2_16/word_MLDN2_16_191.png,edition,
MLDN2_16/word_MLDN2_16_194.png,eagle,
MLDN2_16/word_MLDN2_16_195.png,elope,
MLDN2_16/word_MLDN2_16_199.png,earn,
MLDN2_16/word_MLDN2_16_200.png,easy,
MLDN2_16/word_MLDN2_16_201.png,elarte,
MLDN2_16/word_MLDN2_16_202.png,ebony,
MLDN2_16/word_MLDN2_16_204.png,edge,
MLDN2_16/word_MLDN2_16_206.png,embras,
MLDN2_16/word_MLDN2_16_211.png,eject,
MLDN2_16/word_MLDN2_16_213.png,elder,
MLDN2_16/word_MLDN2_16_214.png,ecology,
MLDN2_16/word_MLDN2_16_217.png,elapse,
MLDN2_16/word_MLDN2_16_218.png,edition,
MLDN2_16/word_MLDN2_16_220.png,elope,
MLDN2_16/word_MLDN2_16_221.png,embars,
MLDN2_16/word_MLDN2_16_222.png,easy,
MLDN2_16/word_MLDN2_16_224.png,elder,
MLDN2_16/word_MLDN2_16_227.png,earn,
MLDN2_16/word_MLDN2_16_228.png,ecology,
MLDN2_16/word_MLDN2_16_230.png,elope,
MLDN2_16/word_MLDN2_16_234.png,ebony,
MLDN2_16/word_MLDN2_16_235.png,ecology,
MLDN2_16/word_MLDN2_16_16.png,echo,
MLDN2_16/word_MLDN2_16_17.png,eat,
MLDN2_16/word_MLDN2_16_19.png,earnest,
MLDN2_16/word_MLDN2_16_22.png,effusion,
MLDN2_16/word_MLDN2_16_23.png,educe,
MLDN2_16/word_MLDN2_16_24.png,earnest,
MLDN2_16/word_MLDN2_16_25.png,either,
MLDN2_16/word_MLDN2_16_26.png,ediffice,
MLDN2_16/word_MLDN2_16_28.png,each,
MLDN2_16/word_MLDN2_16_29.png,ego,
MLDN2_16/word_MLDN2_16_33.png,earnest,
MLDN2_16/word_MLDN2_16_34.png,echo,
MLDN2_16/word_MLDN2_16_35.png,eat,
MLDN2_16/word_MLDN2_16_38.png,effusion,
MLDN2_16/word_MLDN2_16_39.png,ear ,
MLDN2_16/word_MLDN2_16_42.png,each,
MLDN2_16/word_MLDN2_16_44.png,ear,
MLDN2_16/word_MLDN2_16_45.png,earnest,
MLDN2_16/word_MLDN2_16_47.png,each,
MLDN2_16/word_MLDN2_16_49.png,earnest,
MLDN2_16/word_MLDN2_16_65.png,ease,
MLDN2_16/word_MLDN2_16_67.png,elongate,
MLDN2_16/word_MLDN2_16_68.png,eager,
MLDN2_16/word_MLDN2_16_69.png,element,
MLDN2_16/word_MLDN2_16_70.png,ease,
MLDN2_16/word_MLDN2_16_71.png,edify,
MLDN2_16/word_MLDN2_16_77.png,east,
MLDN2_16/word_MLDN2_16_78.png,eclipse,
MLDN2_16/word_MLDN2_16_79.png,ejective,
MLDN2_16/word_MLDN2_16_80.png,edo,
MLDN2_16/word_MLDN2_16_82.png,economy,
MLDN2_16/word_MLDN2_16_83.png,elongate,
MLDN2_16/word_MLDN2_16_85.png,ease,
MLDN2_16/word_MLDN2_16_86.png,embryo,
MLDN2_16/word_MLDN2_16_87.png,effect,
MLDN2_16/word_MLDN2_16_88.png,element,
MLDN2_16/word_MLDN2_16_91.png,economy,
MLDN2_16/word_MLDN2_16_93.png,echo,
MLDN2_16/word_MLDN2_16_95.png,efface,
MLDN2_16/word_MLDN2_16_97.png,eclipse,
MLDN2_17/word_MLDN2_17_104.png,extraneous,
MLDN2_17/word_MLDN2_17_105.png,extridagent,
MLDN2_17/word_MLDN2_17_107.png,fealty,
MLDN2_17/word_MLDN2_17_108.png,felicites,
MLDN2_17/word_MLDN2_17_109.png,extradition,
MLDN2_17/word_MLDN2_17_180.png,fair,
MLDN2_17/word_MLDN2_17_184.png,farily,
MLDN2_17/word_MLDN2_17_187.png,feature,
MLDN2_17/word_MLDN2_17_189.png,factily,
MLDN2_17/word_MLDN2_17_190.png,fibrey,
MLDN2_17/word_MLDN2_17_192.png,fakle,
MLDN2_17/word_MLDN2_17_193.png,fanily,
MLDN2_17/word_MLDN2_17_196.png,facilitate,
MLDN2_17/word_MLDN2_17_199.png,flucety,
MLDN2_17/word_MLDN2_17_202.png,feature,
MLDN2_17/word_MLDN2_17_204.png,grapy,
MLDN2_17/word_MLDN2_17_214.png,fibrey,
MLDN2_17/word_MLDN2_17_223.png,factily,
MLDN2_17/word_MLDN2_17_230.png,fish,
MLDN2_17/word_MLDN2_17_240.png,fakle,
MLDN2_17/word_MLDN2_17_241.png,feature,
MLDN2_17/word_MLDN2_17_242.png,fighting,
MLDN2_17/word_MLDN2_17_249.png,fish,
MLDN2_17/word_MLDN2_17_205.png,facilitate,
MLDN2_17/word_MLDN2_17_261.png,goly,
MLDN2_17/word_MLDN2_17_46.png,enumerate,
MLDN2_17/word_MLDN2_17_73.png,extraugant,
MLDN2_17/word_MLDN2_17_75.png,tradition,
MLDN2_17/word_MLDN2_17_76.png,extraordinary,
MLDN2_17/word_MLDN2_17_79.png,extriagon,
MLDN2_17/word_MLDN2_17_80.png,exraneous,
MLDN2_17/word_MLDN2_17_81.png,extraordinary,
MLDN2_17/word_MLDN2_17_82.png,exradition,
MLDN2_17/word_MLDN2_17_83.png,tradition,
MLDN2_17/word_MLDN2_17_85.png,equalibrium,
MLDN2_17/word_MLDN2_17_86.png,tradition,
MLDN2_17/word_MLDN2_17_91.png,tradition,
MLDN2_17/word_MLDN2_17_93.png,fealty,
MLDN2_17/word_MLDN2_17_95.png,felicite,
MLDN2_17/word_MLDN2_17_97.png,feint,
MLDN2_18/word_MLDN2_18_241.png,glating,
MLDN2_18/word_MLDN2_18_101.png,geniou,
MLDN2_18/word_MLDN2_18_126.png,qutional,
MLDN2_18/word_MLDN2_18_136.png,herieo,
MLDN2_18/word_MLDN2_18_204.png,garce,
MLDN2_18/word_MLDN2_18_208.png,exact,
MLDN2_18/word_MLDN2_18_212.png,glatiy,
MLDN2_18/word_MLDN2_18_223.png,glad,
MLDN2_18/word_MLDN2_18_228.png,grace,
MLDN2_18/word_MLDN2_18_232.png,erasing,
MLDN2_18/word_MLDN2_18_233.png,exact,
MLDN2_18/word_MLDN2_18_237.png,glarios,
MLDN2_18/word_MLDN2_18_238.png,glating,
MLDN2_18/word_MLDN2_18_243.png,gold,
MLDN2_18/word_MLDN2_18_254.png,fiery,
MLDN2_18/word_MLDN2_18_259.png,glarious,
MLDN2_18/word_MLDN2_18_328.png,fial,
MLDN2_18/word_MLDN2_18_338.png,fiverr,
MLDN2_18/word_MLDN2_18_344.png,fish,
MLDN2_18/word_MLDN2_18_347.png,flood,
MLDN2_18/word_MLDN2_18_366.png,fial,
MLDN2_18/word_MLDN2_18_371.png,fish,
MLDN2_18/word_MLDN2_18_395.png,fial,
MLDN2_18/word_MLDN2_18_400.png,firming,
MLDN2_18/word_MLDN2_18_404.png,fishes,
MLDN2_18/word_MLDN2_18_408.png,fish,
MLDN2_18/word_MLDN2_18_410.png,flood,
MLDN2_18/word_MLDN2_18_411.png,eyes,
MLDN2_18/word_MLDN2_18_419.png,firming,
MLDN2_18/word_MLDN2_18_85.png,exape,
MLDN2_18/word_MLDN2_18_87.png,gaby,
MLDN2_18/word_MLDN2_18_92.png,glacier,
MLDN2_18/word_MLDN2_18_96.png,fettering,
MLDN2_18/word_MLDN2_18_97.png,genius,
MLDN2_19/word_MLDN2_19_106.png,enumrachent,
MLDN2_19/word_MLDN2_19_107.png,encroch,
MLDN2_19/word_MLDN2_19_108.png,encloped,
MLDN2_19/word_MLDN2_19_109.png,enumber,
MLDN2_19/word_MLDN2_19_110.png,endouger,
MLDN2_19/word_MLDN2_19_111.png,enclose,
MLDN2_19/word_MLDN2_19_112.png,endouger,
MLDN2_19/word_MLDN2_19_115.png,empty,
MLDN2_19/word_MLDN2_19_116.png,end ,
MLDN2_19/word_MLDN2_19_118.png,enloy,
MLDN2_19/word_MLDN2_19_120.png,enclosed,
MLDN2_19/word_MLDN2_19_121.png,empty,
MLDN2_19/word_MLDN2_19_122.png,exuply,
MLDN2_19/word_MLDN2_19_126.png,enumber,
MLDN2_19/word_MLDN2_19_130.png,enclosed,
MLDN2_19/word_MLDN2_19_64.png,enumer,
MLDN2_19/word_MLDN2_19_69.png,enculent,
MLDN2_19/word_MLDN2_19_85.png,equalibrim,
MLDN2_19/word_MLDN2_19_91.png,exuply,
MLDN2_19/word_MLDN2_19_92.png,equalitent,
MLDN2_19/word_MLDN2_19_95.png,endose,
MLDN2_19/word_MLDN2_19_96.png,equitytial,
MLDN2_19/word_MLDN2_19_97.png,equiny,
MLDN2_19/word_MLDN2_19_98.png,empty,
MLDN2_19/word_MLDN2_19_168.png,exubrond,
MLDN2_19/word_MLDN2_19_169.png,extrinic,
MLDN2_19/word_MLDN2_19_170.png,extraicate,
MLDN2_19/word_MLDN2_19_171.png,extern,
MLDN2_19/word_MLDN2_19_172.png,excude,
MLDN2_19/word_MLDN2_19_173.png,equation,
MLDN2_19/word_MLDN2_19_174.png,emola,
MLDN2_19/word_MLDN2_19_175.png,erasing,
MLDN2_19/word_MLDN2_19_176.png,eyes,
MLDN2_19/word_MLDN2_19_177.png,era ,
MLDN2_19/word_MLDN2_19_178.png,era ,
MLDN2_19/word_MLDN2_19_184.png,epic,
MLDN2_19/word_MLDN2_19_185.png,extreme,
MLDN2_19/word_MLDN2_19_192.png,eradicate,
MLDN2_19/word_MLDN2_19_195.png,excude,
MLDN2_19/word_MLDN2_19_196.png,entricate,
MLDN2_19/word_MLDN2_19_197.png,era,
MLDN2_19/word_MLDN2_19_198.png,emola,
MLDN2_19/word_MLDN2_19_202.png,epic,
MLDN2_19/word_MLDN2_19_203.png,ease,
MLDN2_19/word_MLDN2_19_213.png,eyes,
MLDN2_19/word_MLDN2_19_214.png,exact,
MLDN2_19/word_MLDN2_19_217.png,tradition,
MLDN2_19/word_MLDN2_19_219.png,epic,
MLDN2_19/word_MLDN2_19_225.png,extrinic,
MLDN2_19/word_MLDN2_19_226.png,ease,
MLDN2_19/word_MLDN2_19_227.png,entricate,
MLDN2_19/word_MLDN2_19_228.png,eyes,
MLDN2_19/word_MLDN2_19_234.png,exact,
MLDN2_19/word_MLDN2_19_238.png,epic,
MLDN2_19/word_MLDN2_19_248.png,tradition,
MLDN2_19/word_MLDN2_19_251.png,ease,
MLDN2_19/word_MLDN2_19_131.png,encroch,
MLDN2_19/word_MLDN2_19_181.png,epic,
MLDN2_19/word_MLDN2_19_62.png,encourag,
MLDN2_2/word_MLDN2_2_101.png,necessaary,
MLDN2_2/word_MLDN2_2_102.png,obtain,
MLDN2_2/word_MLDN2_2_105.png,kangaro,
MLDN2_2/word_MLDN2_2_106.png,obvious,
MLDN2_2/word_MLDN2_2_108.png,observation,
MLDN2_2/word_MLDN2_2_113.png,manner,
MLDN2_2/word_MLDN2_2_114.png,happy,
MLDN2_2/word_MLDN2_2_115.png,kangaro,
MLDN2_2/word_MLDN2_2_118.png,necessary,
MLDN2_2/word_MLDN2_2_12.png,occur,
MLDN2_2/word_MLDN2_2_120.png,govern,
MLDN2_2/word_MLDN2_2_122.png,heavy,
MLDN2_2/word_MLDN2_2_123.png,obvious,
MLDN2_2/word_MLDN2_2_128.png,observe,
MLDN2_2/word_MLDN2_2_13.png,painter,
MLDN2_2/word_MLDN2_2_130.png,impact,
MLDN2_2/word_MLDN2_2_52.png,impose,
MLDN2_2/word_MLDN2_2_60.png,office,
MLDN2_2/word_MLDN2_2_62.png,many,
MLDN2_2/word_MLDN2_2_66.png,pair,
MLDN2_2/word_MLDN2_2_95.png,obligation,
MLDN2_2/word_MLDN2_2_96.png,manner,
MLDN2_2/word_MLDN2_2_97.png,observe,
MLDN2_2/word_MLDN2_2_98.png,obervation,
MLDN2_2/word_MLDN2_2_99.png,narrow,
MLDN2_2/word_MLDN2_2_135.png,income,
MLDN2_2/word_MLDN2_2_140.png,jewelery,
MLDN2_2/word_MLDN2_2_142.png,obtain,
MLDN2_2/word_MLDN2_2_145.png,heavy,
MLDN2_2/word_MLDN2_2_15.png,ok,
MLDN2_2/word_MLDN2_2_155.png,necessaary,
MLDN2_2/word_MLDN2_2_16.png,pair,
MLDN2_2/word_MLDN2_2_161.png,obligation,
MLDN2_2/word_MLDN2_2_164.png,govern,
MLDN2_2/word_MLDN2_2_167.png,impact,
MLDN2_2/word_MLDN2_2_175.png,income,
MLDN2_2/word_MLDN2_2_20.png,once,
MLDN2_2/word_MLDN2_2_21.png,many,
MLDN2_2/word_MLDN2_2_23.png,painful,
MLDN2_2/word_MLDN2_2_317.png,park,
MLDN2_2/word_MLDN2_2_49.png,office,
MLDN2_2/word_MLDN2_2_230.png,name,
MLDN2_2/word_MLDN2_2_235.png,mayer,
MLDN2_2/word_MLDN2_2_238.png,maybe,
MLDN2_2/word_MLDN2_2_240.png,object,
MLDN2_2/word_MLDN2_2_241.png,newty,
MLDN2_2/word_MLDN2_2_243.png,name,
MLDN2_2/word_MLDN2_2_245.png,neat,
MLDN2_2/word_MLDN2_2_246.png,offer,
MLDN2_2/word_MLDN2_2_254.png,online,
MLDN2_2/word_MLDN2_2_261.png,name,
MLDN2_2/word_MLDN2_2_263.png,newty,
MLDN2_2/word_MLDN2_2_264.png,object,
MLDN2_2/word_MLDN2_2_267.png,mayer,
MLDN2_2/word_MLDN2_2_271.png,only,
MLDN2_2/word_MLDN2_2_289.png,neal,
MLDN2_2/word_MLDN2_2_296.png,partial,
MLDN2_2/word_MLDN2_2_297.png,online,
MLDN2_2/word_MLDN2_2_298.png,partial,
MLDN2_2/word_MLDN2_2_30.png,impose,
MLDN2_2/word_MLDN2_2_300.png,park,
MLDN2_2/word_MLDN2_2_302.png,object,
MLDN2_2/word_MLDN2_2_303.png,pan,
MLDN2_2/word_MLDN2_2_308.png,pale,
MLDN2_2/word_MLDN2_2_31.png,pair,
MLDN2_2/word_MLDN2_2_310.png,parist,
MLDN2_2/word_MLDN2_2_317.png,park,
MLDN2_2/word_MLDN2_2_323.png,partial,
MLDN2_2/word_MLDN2_2_330.png,onto,
MLDN2_2/word_MLDN2_2_331.png,opening,
MLDN2_2/word_MLDN2_2_332.png,onion,
MLDN2_2/word_MLDN2_2_338.png,onto,
MLDN2_2/word_MLDN2_2_339.png,night,
MLDN2_2/word_MLDN2_2_340.png,bad,
MLDN2_2/word_MLDN2_2_341.png,kingdom,
MLDN2_2/word_MLDN2_2_342.png,land,
MLDN2_2/word_MLDN2_2_343.png,online,
MLDN2_2/word_MLDN2_2_348.png,kiss,
MLDN2_2/word_MLDN2_2_349.png,no,
MLDN2_2/word_MLDN2_2_350.png,opening,
MLDN2_2/word_MLDN2_2_352.png,okey,
MLDN2_2/word_MLDN2_2_353.png,opinions,
MLDN2_2/word_MLDN2_2_354.png,new,
MLDN2_2/word_MLDN2_2_358.png,oh,
MLDN2_2/word_MLDN2_2_361.png,online,
MLDN2_2/word_MLDN2_2_362.png,onto,
MLDN2_2/word_MLDN2_2_365.png,old,
MLDN2_2/word_MLDN2_2_375.png,opening,
MLDN2_2/word_MLDN2_2_378.png,opinions,
MLDN2_2/word_MLDN2_2_380.png,no,
MLDN2_2/word_MLDN2_2_39.png,newrse,
MLDN2_2/word_MLDN2_2_393.png,kiss,
MLDN2_2/word_MLDN2_2_395.png,new,
MLDN2_2/word_MLDN2_2_400.png,no,
MLDN2_2/word_MLDN2_2_404.png,old,
MLDN2_2/word_MLDN2_2_407.png,onion,
MLDN2_2/word_MLDN2_2_408.png,land,
MLDN2_2/word_MLDN2_2_413.png,night,
MLDN2_2/word_MLDN2_2_415.png,kingdom,
MLDN2_2/word_MLDN2_2_42.png,occur,
MLDN2_2/word_MLDN2_2_430.png,old,
MLDN2_2/word_MLDN2_2_436.png,okey,
MLDN2_2/word_MLDN2_2_445.png,opinions,
MLDN2_2/word_MLDN2_2_447.png,join,
MLDN2_2/word_MLDN2_2_45.png,many,
MLDN2_2/word_MLDN2_2_455.png,ok,
MLDN2_2/word_MLDN2_2_46.png,neck,
MLDN2_2/word_MLDN2_2_465.png,line,
MLDN2_2/word_MLDN2_2_466.png,ring,
MLDN2_20/word_MLDN2_20_186.png,flaur,
MLDN2_20/word_MLDN2_20_100.png,golden,
MLDN2_20/word_MLDN2_20_102.png,gangren,
MLDN2_20/word_MLDN2_20_104.png,first,
MLDN2_20/word_MLDN2_20_105.png,facetional,
MLDN2_20/word_MLDN2_20_109.png,faculate,
MLDN2_20/word_MLDN2_20_128.png,gangren,
MLDN2_20/word_MLDN2_20_129.png,gold,
MLDN2_20/word_MLDN2_20_135.png,facelionaly,
MLDN2_20/word_MLDN2_20_150.png,facilities,
MLDN2_20/word_MLDN2_20_151.png,factional,
MLDN2_20/word_MLDN2_20_160.png,golden,
MLDN2_20/word_MLDN2_20_182.png,fabrication,
MLDN2_20/word_MLDN2_20_185.png,gold,
MLDN2_20/word_MLDN2_20_187.png,fabrication,
MLDN2_20/word_MLDN2_20_189.png,garment,
MLDN2_20/word_MLDN2_20_196.png,gold,
MLDN2_20/word_MLDN2_20_202.png,fabrication,
MLDN2_20/word_MLDN2_20_207.png,garment,
MLDN2_20/word_MLDN2_20_208.png,factiton,
MLDN2_20/word_MLDN2_20_210.png,fabring,
MLDN2_20/word_MLDN2_20_211.png,golden,
MLDN2_20/word_MLDN2_20_212.png,facule,
MLDN2_20/word_MLDN2_20_214.png,garment,
MLDN2_20/word_MLDN2_20_220.png,fabring,
MLDN2_20/word_MLDN2_20_223.png,facule,
MLDN2_20/word_MLDN2_20_225.png,gold,
MLDN2_20/word_MLDN2_20_253.png,facility,
MLDN2_20/word_MLDN2_20_254.png,facule,
MLDN2_20/word_MLDN2_20_255.png,factitions,
MLDN2_20/word_MLDN2_20_45.png,fabules,
MLDN2_20/word_MLDN2_20_79.png,firish,
MLDN2_20/word_MLDN2_20_80.png,fabrication,
MLDN2_20/word_MLDN2_20_81.png,gold,
MLDN2_20/word_MLDN2_20_82.png,firish,
MLDN2_20/word_MLDN2_20_83.png,facetioness,
MLDN2_20/word_MLDN2_20_85.png,faction,
MLDN2_20/word_MLDN2_20_87.png,gangren,
MLDN2_20/word_MLDN2_20_88.png,factional,
MLDN2_20/word_MLDN2_20_89.png,facilities,
MLDN2_20/word_MLDN2_20_98.png,gold,
MLDN2_21/word_MLDN2_21_100.png,government,
MLDN2_21/word_MLDN2_21_102.png,illustrate,
MLDN2_21/word_MLDN2_21_60.png,important,
MLDN2_21/word_MLDN2_21_63.png,management,
MLDN2_21/word_MLDN2_21_65.png,independace,
MLDN2_21/word_MLDN2_21_68.png,illustrate,
MLDN2_21/word_MLDN2_21_75.png,father,
MLDN2_21/word_MLDN2_21_80.png,federal,
MLDN2_21/word_MLDN2_21_82.png,independance,
MLDN2_21/word_MLDN2_21_83.png,improvement,
MLDN2_21/word_MLDN2_21_87.png,illustrate,
MLDN2_21/word_MLDN2_21_89.png,government,
MLDN2_21/word_MLDN2_21_93.png,feeling,
MLDN2_21/word_MLDN2_21_94.png,generally,
MLDN2_21/word_MLDN2_21_99.png,federal,
MLDN2_21/word_MLDN2_21_131.png,facility,
MLDN2_21/word_MLDN2_21_132.png,father,
MLDN2_21/word_MLDN2_21_133.png,feeling,
MLDN2_21/word_MLDN2_21_136.png,federal,
MLDN2_21/word_MLDN2_21_141.png,father,
MLDN2_21/word_MLDN2_21_145.png,facility,
MLDN2_21/word_MLDN2_21_147.png,generally,
MLDN2_21/word_MLDN2_21_148.png,federal,
MLDN2_21/word_MLDN2_21_152.png,feeling,
MLDN2_21/word_MLDN2_21_172.png,father,
MLDN2_21/word_MLDN2_21_176.png,independ ,
MLDN2_21/word_MLDN2_21_184.png,generally,
MLDN2_21/word_MLDN2_21_186.png,federal,
MLDN2_21/word_MLDN2_21_191.png,illustrate,
MLDN2_21/word_MLDN2_21_192.png,independace,
MLDN2_21/word_MLDN2_21_199.png,government,
MLDN2_21/word_MLDN2_21_209.png,management,
MLDN2_21/word_MLDN2_21_213.png,feeling,
MLDN2_21/word_MLDN2_21_215.png,father,
MLDN2_21/word_MLDN2_21_273.png,feeling,
MLDN2_21/word_MLDN2_21_59.png,facility,
MLDN2_21/word_MLDN2_21_216.png,illustrate,
MLDN2_21/word_MLDN2_21_217.png,indepedance,
MLDN2_21/word_MLDN2_21_220.png,improvment,
MLDN2_21/word_MLDN2_21_223.png,managment,
MLDN2_21/word_MLDN2_21_224.png,managment,
MLDN2_21/word_MLDN2_21_225.png,improvment,
MLDN2_21/word_MLDN2_21_226.png,illustrate,
MLDN2_21/word_MLDN2_21_227.png,improvment,
MLDN2_21/word_MLDN2_21_228.png,improvment,
MLDN2_21/word_MLDN2_21_252.png,febral,
MLDN2_21/word_MLDN2_21_254.png,factory,
MLDN2_21/word_MLDN2_21_263.png,further,
MLDN2_21/word_MLDN2_21_264.png,genarate,
MLDN2_21/word_MLDN2_21_277.png,genarate,
MLDN2_21/word_MLDN2_21_278.png,fedral,
MLDN2_21/word_MLDN2_21_281.png,factory,
MLDN2_21/word_MLDN2_21_286.png,illustrate,
MLDN2_21/word_MLDN2_21_287.png,goverment,
MLDN2_21/word_MLDN2_21_295.png,febral,
MLDN2_21/word_MLDN2_21_298.png,include,
MLDN2_21/word_MLDN2_21_301.png,improvment,
MLDN2_21/word_MLDN2_21_303.png,maintenace,
MLDN2_21/word_MLDN2_21_304.png,genarate,
MLDN2_21/word_MLDN2_21_305.png,goverment,
MLDN2_21/word_MLDN2_21_307.png,maintenace,
MLDN2_21/word_MLDN2_21_308.png,improvment,
MLDN2_21/word_MLDN2_21_309.png,goverment,
MLDN2_21/word_MLDN2_21_310.png,fedral,
MLDN2_21/word_MLDN2_21_311.png,feeling,
MLDN2_21/word_MLDN2_21_313.png,maintenace,
MLDN2_21/word_MLDN2_21_314.png,illustrate,
MLDN2_21/word_MLDN2_21_315.png,feeling,
MLDN2_21/word_MLDN2_21_316.png,improvment,
MLDN2_21/word_MLDN2_21_317.png,other,
MLDN2_21/word_MLDN2_21_326.png,include,
MLDN2_21/word_MLDN2_21_328.png,maintenace,
MLDN2_21/word_MLDN2_21_45.png,facility,
MLDN2_21/word_MLDN2_21_48.png,federal,
MLDN2_21/word_MLDN2_21_51.png,feeling,
MLDN2_21/word_MLDN2_21_57.png,generally,
MLDN2_22/word_MLDN2_22_116.png,name,
MLDN2_22/word_MLDN2_22_117.png,participate,
MLDN2_22/word_MLDN2_22_119.png,pair,
MLDN2_22/word_MLDN2_22_120.png,native,
MLDN2_22/word_MLDN2_22_121.png,machine,
MLDN2_22/word_MLDN2_22_123.png,names,
MLDN2_22/word_MLDN2_22_129.png,magnet,
MLDN2_22/word_MLDN2_22_130.png,labor,
MLDN2_22/word_MLDN2_22_132.png,laboratry,
MLDN2_22/word_MLDN2_22_135.png,magnetic,
MLDN2_22/word_MLDN2_22_137.png,port,
MLDN2_22/word_MLDN2_22_143.png,native,
MLDN2_22/word_MLDN2_22_145.png,natural,
MLDN2_22/word_MLDN2_22_147.png,labor,
MLDN2_22/word_MLDN2_22_148.png,machine,
MLDN2_22/word_MLDN2_22_150.png,pair,
MLDN2_22/word_MLDN2_22_157.png,participate,
MLDN2_22/word_MLDN2_22_158.png,port,
MLDN2_22/word_MLDN2_22_161.png,magnetic,
MLDN2_22/word_MLDN2_22_162.png,participate,
MLDN2_22/word_MLDN2_22_169.png,magnetic,
MLDN2_22/word_MLDN2_22_181.png,natural,
MLDN2_22/word_MLDN2_22_182.png,native,
MLDN2_22/word_MLDN2_22_183.png,names,
MLDN2_22/word_MLDN2_22_204.png,natural,
MLDN2_22/word_MLDN2_22_208.png,lab,
MLDN2_22/word_MLDN2_22_210.png,particle,
MLDN2_22/word_MLDN2_22_211.png,pale,
MLDN2_22/word_MLDN2_22_213.png,natrual,
MLDN2_22/word_MLDN2_22_217.png,manner,
MLDN2_22/word_MLDN2_22_218.png,natrually,
MLDN2_22/word_MLDN2_22_221.png,particle,
MLDN2_22/word_MLDN2_22_222.png,machine,
MLDN2_22/word_MLDN2_22_227.png,lack,
MLDN2_22/word_MLDN2_22_230.png,partial,
MLDN2_22/word_MLDN2_22_231.png,maheap,
MLDN2_22/word_MLDN2_22_233.png,particle,
MLDN2_22/word_MLDN2_22_235.png,partial,
MLDN2_22/word_MLDN2_22_236.png,lack,
MLDN2_22/word_MLDN2_22_238.png,natural,
MLDN2_22/word_MLDN2_22_239.png,particle,
MLDN2_22/word_MLDN2_22_240.png,machine,
MLDN2_22/word_MLDN2_22_242.png,pale,
MLDN2_22/word_MLDN2_22_125.png,pair,
MLDN2_22/word_MLDN2_22_170.png,labor,
MLDN2_22/word_MLDN2_22_220.png,lack,
MLDN2_22/word_MLDN2_22_248.png,particle,
MLDN2_22/word_MLDN2_22_251.png,maheap,
MLDN2_22/word_MLDN2_22_255.png,machine,
MLDN2_22/word_MLDN2_22_259.png,particle,
MLDN2_22/word_MLDN2_22_260.png,natrually,
MLDN2_22/word_MLDN2_22_270.png,lean,
MLDN2_22/word_MLDN2_22_54.png,immediately,
MLDN2_22/word_MLDN2_22_55.png,newspaper,
MLDN2_22/word_MLDN2_22_56.png,machine,
MLDN2_22/word_MLDN2_22_60.png,night,
MLDN2_22/word_MLDN2_22_62.png,manner,
MLDN2_22/word_MLDN2_22_64.png,parking,
MLDN2_22/word_MLDN2_22_67.png,laboratry,
MLDN2_22/word_MLDN2_22_74.png,parking,
MLDN2_23/word_MLDN2_23_115.png,sample,
MLDN2_23/word_MLDN2_23_118.png,yearly,
MLDN2_23/word_MLDN2_23_119.png,enormous,
MLDN2_23/word_MLDN2_23_120.png,sample,
MLDN2_23/word_MLDN2_23_125.png,yearly,
MLDN2_23/word_MLDN2_23_65.png,year,
MLDN2_23/word_MLDN2_23_70.png,Talk,
MLDN2_23/word_MLDN2_23_71.png,Taste,
MLDN2_23/word_MLDN2_23_76.png,sample,
MLDN2_23/word_MLDN2_23_79.png,ennoble,
MLDN2_23/word_MLDN2_23_80.png,ennoble,
MLDN2_23/word_MLDN2_23_92.png,encore,
MLDN2_23/word_MLDN2_23_93.png,emulate,
MLDN2_23/word_MLDN2_23_96.png,endow,
MLDN2_23/word_MLDN2_23_98.png,yearly,
MLDN2_23/word_MLDN2_23_99.png,Tennis,
MLDN2_23/word_MLDN2_23_143.png,enumber,
MLDN2_23/word_MLDN2_23_145.png,sold,
MLDN2_23/word_MLDN2_23_146.png,yes,
MLDN2_23/word_MLDN2_23_147.png,Task,
MLDN2_23/word_MLDN2_23_156.png,enumber,
MLDN2_23/word_MLDN2_23_157.png,Task,
MLDN2_23/word_MLDN2_23_161.png,sold,
MLDN2_23/word_MLDN2_23_164.png,sold,
MLDN2_23/word_MLDN2_23_169.png,energy,
MLDN2_23/word_MLDN2_23_175.png,enumber,
MLDN2_23/word_MLDN2_23_178.png,terrorist,
MLDN2_23/word_MLDN2_23_47.png,encompass,
MLDN2_23/word_MLDN2_23_48.png,empty,
MLDN2_23/word_MLDN2_23_50.png,year,
MLDN2_23/word_MLDN2_23_51.png,sample,
MLDN2_23/word_MLDN2_23_52.png,enough,
MLDN2_23/word_MLDN2_23_53.png,ennoble,
MLDN2_23/word_MLDN2_23_55.png,enum,
MLDN2_23/word_MLDN2_23_56.png,year,
MLDN2_23/word_MLDN2_23_57.png,tasty,
MLDN2_23/word_MLDN2_23_62.png,Talk,
MLDN2_23/word_MLDN2_23_165.png,yes,
MLDN2_23/word_MLDN2_23_64.png,encpmpass,
MLDN2_24/word_MLDN2_24_100.png,valid,
MLDN2_24/word_MLDN2_24_101.png,sample,
MLDN2_24/word_MLDN2_24_103.png,zoom,
MLDN2_24/word_MLDN2_24_105.png,Tasty,
MLDN2_24/word_MLDN2_24_107.png,sample,
MLDN2_24/word_MLDN2_24_109.png,valid,
MLDN2_24/word_MLDN2_24_111.png,zoom,
MLDN2_24/word_MLDN2_24_29.png,race,
MLDN2_24/word_MLDN2_24_30.png,sales,
MLDN2_24/word_MLDN2_24_34.png,target,
MLDN2_24/word_MLDN2_24_36.png,wait,
MLDN2_24/word_MLDN2_24_37.png,xerox,
MLDN2_24/word_MLDN2_24_40.png,young,
MLDN2_24/word_MLDN2_24_41.png,xerox,
MLDN2_24/word_MLDN2_24_44.png,sales,
MLDN2_24/word_MLDN2_24_45.png,wagon,
MLDN2_24/word_MLDN2_24_46.png,wait,
MLDN2_24/word_MLDN2_24_47.png,young,
MLDN2_24/word_MLDN2_24_52.png,xerox,
MLDN2_24/word_MLDN2_24_48.png,wait,
MLDN2_24/word_MLDN2_24_57.png,wagon,
MLDN2_24/word_MLDN2_24_65.png,same,
MLDN2_24/word_MLDN2_24_68.png,sait,
MLDN2_24/word_MLDN2_24_69.png,waiter,
MLDN2_24/word_MLDN2_24_72.png,Task,
MLDN2_24/word_MLDN2_24_74.png,xerox,
MLDN2_24/word_MLDN2_24_75.png,same,
MLDN2_24/word_MLDN2_24_76.png,zone,
MLDN2_24/word_MLDN2_24_78.png,task,
MLDN2_24/word_MLDN2_24_80.png,waiter,
MLDN2_24/word_MLDN2_24_81.png,wait ,
MLDN2_24/word_MLDN2_24_82.png,zone,
MLDN2_24/word_MLDN2_24_83.png,waiter,
MLDN2_24/word_MLDN2_24_86.png,zone,
MLDN2_24/word_MLDN2_24_89.png,sakes,
MLDN2_24/word_MLDN2_24_90.png,sample,
MLDN2_24/word_MLDN2_24_94.png,tasty,
MLDN2_24/word_MLDN2_24_95.png,sake,
MLDN2_24/word_MLDN2_24_96.png,sample,
MLDN2_24/word_MLDN2_24_97.png,taste,
MLDN2_24/word_MLDN2_24_98.png,valid,
MLDN2_24/word_MLDN2_24_99.png,yearly,
MLDN2_25/word_MLDN2_25_103.png,quest,
MLDN2_25/word_MLDN2_25_105.png,quest,
MLDN2_25/word_MLDN2_25_106.png,quary,
MLDN2_25/word_MLDN2_25_107.png,zone,
MLDN2_25/word_MLDN2_25_108.png,section ,
MLDN2_25/word_MLDN2_25_109.png,record,
MLDN2_25/word_MLDN2_25_111.png,yes,
MLDN2_25/word_MLDN2_25_112.png,record,
MLDN2_25/word_MLDN2_25_113.png,zone,
MLDN2_25/word_MLDN2_25_116.png,what,
MLDN2_25/word_MLDN2_25_117.png,yes,
MLDN2_25/word_MLDN2_25_118.png,quary,
MLDN2_25/word_MLDN2_25_119.png,what ,
MLDN2_25/word_MLDN2_25_120.png,quary,
MLDN2_25/word_MLDN2_25_123.png,what ,
MLDN2_25/word_MLDN2_25_124.png,record,
MLDN2_25/word_MLDN2_25_125.png,yes,
MLDN2_25/word_MLDN2_25_126.png,section ,
MLDN2_25/word_MLDN2_25_128.png,record,
MLDN2_25/word_MLDN2_25_131.png,yes,
MLDN2_25/word_MLDN2_25_132.png,what ,
MLDN2_25/word_MLDN2_25_32.png,talk,
MLDN2_25/word_MLDN2_25_33.png,recognition,
MLDN2_25/word_MLDN2_25_34.png,queen,
MLDN2_25/word_MLDN2_25_47.png,query,
MLDN2_25/word_MLDN2_25_52.png,what,
MLDN2_25/word_MLDN2_25_53.png,yellow,
MLDN2_25/word_MLDN2_25_56.png,secretory,
MLDN2_25/word_MLDN2_25_57.png,tag,
MLDN2_25/word_MLDN2_25_61.png,query,
MLDN2_25/word_MLDN2_25_63.png,tag,
MLDN2_25/word_MLDN2_25_66.png,quatation,
MLDN2_25/word_MLDN2_25_67.png,what,
MLDN2_25/word_MLDN2_25_68.png,yesterday,
MLDN2_25/word_MLDN2_25_70.png,Tag,
MLDN2_25/word_MLDN2_25_73.png,yellow,
MLDN2_25/word_MLDN2_25_75.png,what,
MLDN2_25/word_MLDN2_25_77.png,secretory,
MLDN2_25/word_MLDN2_25_80.png,yesterday,
MLDN2_25/word_MLDN2_25_81.png,yellow,
MLDN2_25/word_MLDN2_25_83.png,recognition,
MLDN2_25/word_MLDN2_25_84.png,secretory,
MLDN2_25/word_MLDN2_25_86.png,what,
MLDN2_25/word_MLDN2_25_90.png,yesterday,
MLDN2_25/word_MLDN2_25_92.png,recognition,
MLDN2_26/word_MLDN2_26_101.png,pattern,
MLDN2_26/word_MLDN2_26_102.png,port,
MLDN2_26/word_MLDN2_26_103.png,partly,
MLDN2_26/word_MLDN2_26_104.png,pen,
MLDN2_26/word_MLDN2_26_105.png,pattern,
MLDN2_26/word_MLDN2_26_106.png,payment,
MLDN2_26/word_MLDN2_26_107.png,port,
MLDN2_26/word_MLDN2_26_108.png,pen,
MLDN2_26/word_MLDN2_26_111.png,quarter,
MLDN2_26/word_MLDN2_26_114.png,partly,
MLDN2_26/word_MLDN2_26_115.png,pattern,
MLDN2_26/word_MLDN2_26_29.png,particular,
MLDN2_26/word_MLDN2_26_31.png,penalty,
MLDN2_26/word_MLDN2_26_33.png,partnership,
MLDN2_26/word_MLDN2_26_44.png,peak,
MLDN2_26/word_MLDN2_26_49.png,party,
MLDN2_26/word_MLDN2_26_50.png,peak,
MLDN2_26/word_MLDN2_26_52.png,pencil,
MLDN2_26/word_MLDN2_26_53.png,pay,
MLDN2_26/word_MLDN2_26_55.png,party,
MLDN2_26/word_MLDN2_26_57.png,path,
MLDN2_26/word_MLDN2_26_58.png,passion,
MLDN2_26/word_MLDN2_26_62.png,peak,
MLDN2_26/word_MLDN2_26_63.png,pencil,
MLDN2_26/word_MLDN2_26_70.png,party,
MLDN2_26/word_MLDN2_26_74.png,particular,
MLDN2_26/word_MLDN2_26_77.png,pencil,
MLDN2_26/word_MLDN2_26_80.png,path,
MLDN2_26/word_MLDN2_26_84.png,passion,
MLDN2_26/word_MLDN2_26_85.png,particularly,
MLDN2_26/word_MLDN2_26_89.png,passion,
MLDN2_26/word_MLDN2_26_90.png,quater,
MLDN2_26/word_MLDN2_26_91.png,payment,
MLDN2_26/word_MLDN2_26_92.png,pattern,
MLDN2_26/word_MLDN2_26_93.png,post,
MLDN2_26/word_MLDN2_26_95.png,pass,
MLDN2_26/word_MLDN2_26_97.png,post,
MLDN2_26/word_MLDN2_26_98.png,pattern,
MLDN2_26/word_MLDN2_26_99.png,pen,
MLDN2_27/word_MLDN2_27_100.png,stadium,
MLDN2_27/word_MLDN2_27_101.png,accept,
MLDN2_27/word_MLDN2_27_102.png,absolute,
MLDN2_27/word_MLDN2_27_103.png,shiting,
MLDN2_27/word_MLDN2_27_104.png,aband,
MLDN2_27/word_MLDN2_27_105.png,academic,
MLDN2_27/word_MLDN2_27_106.png,actual,
MLDN2_27/word_MLDN2_27_107.png,accept,
MLDN2_27/word_MLDN2_27_108.png,apple,
MLDN2_27/word_MLDN2_27_109.png,accept,
MLDN2_27/word_MLDN2_27_111.png,absolute,
MLDN2_27/word_MLDN2_27_113.png,actual,
MLDN2_27/word_MLDN2_27_114.png,academic,
MLDN2_27/word_MLDN2_27_117.png,abandun,
MLDN2_27/word_MLDN2_27_119.png,accept,
MLDN2_27/word_MLDN2_27_120.png,actual,
MLDN2_27/word_MLDN2_27_123.png,apple,
MLDN2_27/word_MLDN2_27_124.png,abandun,
MLDN2_27/word_MLDN2_27_126.png,absolute,
MLDN2_27/word_MLDN2_27_127.png,accept,
MLDN2_27/word_MLDN2_27_130.png,absolute,
MLDN2_27/word_MLDN2_27_133.png,apple,
MLDN2_27/word_MLDN2_27_134.png,actual,
MLDN2_27/word_MLDN2_27_136.png,accept,
MLDN2_27/word_MLDN2_27_138.png,shiting,
MLDN2_27/word_MLDN2_27_139.png,accept,
MLDN2_27/word_MLDN2_27_59.png,case,
MLDN2_27/word_MLDN2_27_60.png,cell,
MLDN2_27/word_MLDN2_27_61.png,cave,
MLDN2_27/word_MLDN2_27_63.png,cat,
MLDN2_27/word_MLDN2_27_64.png,ceiling,
MLDN2_27/word_MLDN2_27_67.png,cattle,
MLDN2_27/word_MLDN2_27_68.png,cave,
MLDN2_27/word_MLDN2_27_69.png,catch,
MLDN2_27/word_MLDN2_27_70.png,cell,
MLDN2_27/word_MLDN2_27_71.png,cetebrate,
MLDN2_27/word_MLDN2_27_72.png,case,
MLDN2_27/word_MLDN2_27_75.png,cat,
MLDN2_27/word_MLDN2_27_77.png,cattle,
MLDN2_27/word_MLDN2_27_83.png,cetebrate,
MLDN2_27/word_MLDN2_27_88.png,cat,
MLDN2_27/word_MLDN2_27_89.png,ceiling,
MLDN2_27/word_MLDN2_27_98.png,cetebrate,
MLDN2_27/word_MLDN2_27_33.png,cancer,
MLDN2_27/word_MLDN2_27_34.png,carpet,
MLDN2_27/word_MLDN2_27_35.png,cargo,
MLDN2_27/word_MLDN2_27_38.png,candidate,
MLDN2_27/word_MLDN2_27_39.png,cancer,
MLDN2_27/word_MLDN2_27_40.png,cable,
MLDN2_27/word_MLDN2_27_41.png,cargo,
MLDN2_27/word_MLDN2_27_43.png,carpet,
MLDN2_27/word_MLDN2_27_45.png,candle,
MLDN2_27/word_MLDN2_27_46.png,candidate,
MLDN2_27/word_MLDN2_27_54.png,catch,
MLDN2_27/word_MLDN2_27_55.png,cetebral,
MLDN2_27/word_MLDN2_27_57.png,ceiling,
MLDN2_28/word_MLDN2_28_19.png,accept,
MLDN2_28/word_MLDN2_28_20.png,allow,
MLDN2_28/word_MLDN2_28_24.png,perfect,
MLDN2_28/word_MLDN2_28_25.png,allow,
MLDN2_28/word_MLDN2_28_27.png,access,
MLDN2_28/word_MLDN2_28_29.png,eastern,
MLDN2_28/word_MLDN2_28_30.png,dealer,
MLDN2_28/word_MLDN2_28_31.png,eastern,
MLDN2_28/word_MLDN2_28_32.png,earn,
MLDN2_28/word_MLDN2_28_33.png,apple,
MLDN2_28/word_MLDN2_28_34.png,defense,
MLDN2_28/word_MLDN2_28_36.png,earn,
MLDN2_28/word_MLDN2_28_37.png,eagr,
MLDN2_28/word_MLDN2_28_40.png,eagr,
MLDN2_28/word_MLDN2_28_41.png,access,
MLDN2_28/word_MLDN2_28_43.png,dead,
MLDN2_28/word_MLDN2_28_44.png,apple,
MLDN2_28/word_MLDN2_28_45.png,dealer,
MLDN2_28/word_MLDN2_28_46.png,access,
MLDN2_28/word_MLDN2_28_47.png,eastern,
MLDN2_28/word_MLDN2_28_49.png,dead,
MLDN2_28/word_MLDN2_28_50.png,apple,
MLDN2_28/word_MLDN2_28_52.png,dead,
MLDN2_28/word_MLDN2_28_57.png,earth,
MLDN2_28/word_MLDN2_28_60.png,easy,
MLDN2_28/word_MLDN2_28_61.png,define,
MLDN2_28/word_MLDN2_28_62.png,deaf,
MLDN2_28/word_MLDN2_28_63.png,all,
MLDN2_28/word_MLDN2_28_64.png,ear,
MLDN2_28/word_MLDN2_28_65.png,dear,
MLDN2_28/word_MLDN2_28_66.png,ear,
MLDN2_28/word_MLDN2_28_67.png,define,
MLDN2_28/word_MLDN2_28_69.png,ear,
MLDN2_28/word_MLDN2_28_70.png,deaf,
MLDN2_28/word_MLDN2_28_71.png,abandun,
MLDN2_28/word_MLDN2_28_72.png,define,
MLDN2_28/word_MLDN2_28_74.png,dear,
MLDN2_28/word_MLDN2_28_75.png,earth,
MLDN2_28/word_MLDN2_28_76.png,all,
MLDN2_28/word_MLDN2_28_79.png,deaf,
MLDN2_28/word_MLDN2_28_80.png,dear,
MLDN2_28/word_MLDN2_28_86.png,define,
MLDN2_29/word_MLDN2_29_103.png,got,
MLDN2_29/word_MLDN2_29_104.png,gulf,
MLDN2_29/word_MLDN2_29_105.png,guzzle,
MLDN2_29/word_MLDN2_29_115.png,gusset,
MLDN2_29/word_MLDN2_29_121.png,gusset,
MLDN2_29/word_MLDN2_29_125.png,gravity,
MLDN2_29/word_MLDN2_29_131.png,guiter,
MLDN2_29/word_MLDN2_29_133.png,guilt,
MLDN2_29/word_MLDN2_29_134.png,gypsy,
MLDN2_29/word_MLDN2_29_135.png,grievance,
MLDN2_29/word_MLDN2_29_136.png,glue,
MLDN2_29/word_MLDN2_29_140.png,glimmer,
MLDN2_29/word_MLDN2_29_143.png,grievance,
MLDN2_29/word_MLDN2_29_145.png,guilt,
MLDN2_29/word_MLDN2_29_146.png,gymnansium,
MLDN2_29/word_MLDN2_29_147.png,gat,
MLDN2_29/word_MLDN2_29_150.png,glimmer,
MLDN2_29/word_MLDN2_29_153.png,guiter,
MLDN2_29/word_MLDN2_29_156.png,gypsy,
MLDN2_29/word_MLDN2_29_165.png,glue,
MLDN2_29/word_MLDN2_29_168.png,guilt,
MLDN2_29/word_MLDN2_29_25.png,goth,
MLDN2_29/word_MLDN2_29_26.png,gurgle,
MLDN2_29/word_MLDN2_29_30.png,glore,
MLDN2_29/word_MLDN2_29_32.png,guest,
MLDN2_29/word_MLDN2_29_35.png,greade,
MLDN2_29/word_MLDN2_29_36.png,guzzle,
MLDN2_29/word_MLDN2_29_37.png,gust,
MLDN2_29/word_MLDN2_29_38.png,gush,
MLDN2_29/word_MLDN2_29_41.png,glory,
MLDN2_29/word_MLDN2_29_43.png,greade,
MLDN2_29/word_MLDN2_29_44.png,guzzle,
MLDN2_29/word_MLDN2_29_45.png,gust,
MLDN2_29/word_MLDN2_29_46.png,governmnet,
MLDN2_29/word_MLDN2_29_50.png,gush,
MLDN2_29/word_MLDN2_29_60.png,guzzle,
MLDN2_29/word_MLDN2_29_61.png,glory,
MLDN2_29/word_MLDN2_29_63.png,governmnet,
MLDN2_29/word_MLDN2_29_64.png,greade,
MLDN2_29/word_MLDN2_29_69.png,guzzle,
MLDN2_29/word_MLDN2_29_77.png,goth,
MLDN2_29/word_MLDN2_29_78.png,glide,
MLDN2_29/word_MLDN2_29_79.png,gusset,
MLDN2_29/word_MLDN2_29_80.png,gulf,
MLDN2_29/word_MLDN2_29_81.png,gravity,
MLDN2_29/word_MLDN2_29_86.png,guzzle,
MLDN2_29/word_MLDN2_29_87.png,gricf,
MLDN2_29/word_MLDN2_29_89.png,got,
MLDN2_29/word_MLDN2_29_91.png,gravity,
MLDN2_29/word_MLDN2_29_97.png,glide,
MLDN2_3/word_MLDN2_3_102.png,weef,
MLDN2_3/word_MLDN2_3_106.png,visit,
MLDN2_3/word_MLDN2_3_108.png,video,
MLDN2_3/word_MLDN2_3_129.png,sale,
MLDN2_3/word_MLDN2_3_130.png,tank,
MLDN2_3/word_MLDN2_3_131.png,urban,
MLDN2_3/word_MLDN2_3_132.png,seat,
MLDN2_3/word_MLDN2_3_60.png,van,
MLDN2_3/word_MLDN2_3_61.png,vers,
MLDN2_3/word_MLDN2_3_63.png,walk,
MLDN2_3/word_MLDN2_3_64.png,valve,
MLDN2_3/word_MLDN2_3_65.png,vessel,
MLDN2_3/word_MLDN2_3_66.png,view,
MLDN2_3/word_MLDN2_3_67.png,waste,
MLDN2_3/word_MLDN2_3_68.png,weef,
MLDN2_3/word_MLDN2_3_69.png,wait,
MLDN2_3/word_MLDN2_3_72.png,vide,
MLDN2_3/word_MLDN2_3_74.png,visit,
MLDN2_3/word_MLDN2_3_76.png,vast,
MLDN2_3/word_MLDN2_3_77.png,very,
MLDN2_3/word_MLDN2_3_80.png,vessel,
MLDN2_3/word_MLDN2_3_81.png,van,
MLDN2_3/word_MLDN2_3_86.png,value,
MLDN2_3/word_MLDN2_3_88.png,waste,
MLDN2_3/word_MLDN2_3_89.png,weef,
MLDN2_3/word_MLDN2_3_90.png,vary,
MLDN2_3/word_MLDN2_3_96.png,vast,
MLDN2_3/word_MLDN2_3_98.png,viewers,
MLDN2_3/word_MLDN2_3_30.png,few,
MLDN2_3/word_MLDN2_3_31.png,few,
MLDN2_3/word_MLDN2_3_32.png,very,
MLDN2_3/word_MLDN2_3_33.png,weak,
MLDN2_3/word_MLDN2_3_40.png,few,
MLDN2_3/word_MLDN2_3_41.png,where,
MLDN2_3/word_MLDN2_3_43.png,when,
MLDN2_3/word_MLDN2_3_45.png,any,
MLDN2_3/word_MLDN2_3_46.png,few,
MLDN2_3/word_MLDN2_3_47.png,very,
MLDN2_3/word_MLDN2_3_48.png,weak,
MLDN2_3/word_MLDN2_3_137.png,sale,
MLDN2_3/word_MLDN2_3_140.png,say,
MLDN2_3/word_MLDN2_3_143.png,rack,
MLDN2_3/word_MLDN2_3_147.png,tank,
MLDN2_3/word_MLDN2_3_149.png,sales,
MLDN2_3/word_MLDN2_3_158.png,real,
MLDN2_3/word_MLDN2_3_160.png,say,
MLDN2_3/word_MLDN2_3_163.png,seat,
MLDN2_3/word_MLDN2_3_164.png,read,
MLDN2_3/word_MLDN2_3_169.png,sean,
MLDN2_3/word_MLDN2_3_25.png,on,
MLDN2_3/word_MLDN2_3_28.png,of,
MLDN2_3/word_MLDN2_3_134.png,sale,
MLDN2_3/word_MLDN2_3_29.png,yes,
MLDN2_30/word_MLDN2_30_102.png,bell,
MLDN2_30/word_MLDN2_30_103.png,background,
MLDN2_30/word_MLDN2_30_104.png,bag,
MLDN2_30/word_MLDN2_30_108.png,bank,
MLDN2_30/word_MLDN2_30_110.png,balance,
MLDN2_30/word_MLDN2_30_112.png,bad,
MLDN2_30/word_MLDN2_30_115.png,band,
MLDN2_30/word_MLDN2_30_131.png,between,
MLDN2_30/word_MLDN2_30_133.png,beyond,
MLDN2_30/word_MLDN2_30_135.png,better,
MLDN2_30/word_MLDN2_30_136.png,beside,
MLDN2_30/word_MLDN2_30_139.png,benefit,
MLDN2_30/word_MLDN2_30_24.png,accept,
MLDN2_30/word_MLDN2_30_17.png,absolute,
MLDN2_30/word_MLDN2_30_75.png,balance,
MLDN2_30/word_MLDN2_30_81.png,bad,
MLDN2_30/word_MLDN2_30_85.png,band,
MLDN2_30/word_MLDN2_30_87.png,baby,
MLDN2_30/word_MLDN2_30_89.png,bell,
MLDN2_30/word_MLDN2_30_91.png,balance,
MLDN2_30/word_MLDN2_30_92.png,bank,
MLDN2_30/word_MLDN2_30_93.png,bag,
MLDN2_30/word_MLDN2_30_95.png,bad,
MLDN2_30/word_MLDN2_30_97.png,balance,
MLDN2_30/word_MLDN2_30_145.png,best,
MLDN2_30/word_MLDN2_30_161.png,beyond,
MLDN2_30/word_MLDN2_30_163.png,better,
MLDN2_30/word_MLDN2_30_222.png,demorat,
MLDN2_30/word_MLDN2_30_223.png,denial,
MLDN2_30/word_MLDN2_30_226.png,dense,
MLDN2_30/word_MLDN2_30_227.png,demonstrate,
MLDN2_30/word_MLDN2_30_229.png,democracy,
MLDN2_30/word_MLDN2_30_230.png,democrat,
MLDN2_30/word_MLDN2_30_232.png,delay,
MLDN2_30/word_MLDN2_30_240.png,democrat,
MLDN2_30/word_MLDN2_30_242.png,democracy,
MLDN2_30/word_MLDN2_30_248.png,delay,
MLDN2_30/word_MLDN2_30_249.png,dense,
MLDN2_30/word_MLDN2_30_266.png,denial,
MLDN2_30/word_MLDN2_30_272.png,delay,
MLDN2_4/word_M_119.png,with,
MLDN2_4/word_M_120.png,words,
MLDN2_4/word_M_121.png,the,
MLDN2_4/word_M_122.png,letters,
MLDN2_4/word_M_123.png,plak,
MLDN2_4/word_M_127.png,quit,
MLDN2_4/word_M_128.png,flood,
MLDN2_4/word_M_129.png,project,
MLDN2_4/word_M_131.png,fill,
MLDN2_4/word_M_135.png,words,
MLDN2_4/word_M_137.png,the,
MLDN2_4/word_M_141.png,flag,
MLDN2_4/word_M_143.png,letters,
MLDN2_4/word_M_58.png,gaio,
MLDN2_4/word_M_59.png,give,
MLDN2_4/word_M_60.png,gasp,
MLDN2_4/word_M_61.png,glard,
MLDN2_4/word_M_63.png,giange,
MLDN2_4/word_M_65.png,girl,
MLDN2_4/word_M_66.png,garden,
MLDN2_4/word_M_67.png,grass,
MLDN2_4/word_M_69.png,gasp,
MLDN2_4/word_M_72.png,gives,
MLDN2_4/word_M_76.png,giange,
MLDN2_4/word_M_81.png,grid,
MLDN2_4/word_M_85.png,glard,
MLDN2_4/word_M_89.png,gardeb,
MLDN2_4/word_M_177.png,with,
MLDN2_4/word_M_178.png,flood,
MLDN2_4/word_M_179.png,letters,
MLDN2_4/word_M_196.png,projects,
MLDN2_4/word_M_53.png,peirs,
MLDN2_4/word_M_54.png,garden,
MLDN2_4/word_M_55.png,girl,
MLDN2_5/word_M_46.png,van,
MLDN2_5/word_M_101.png,urgent,
MLDN2_5/word_M_102.png,radical,
MLDN2_5/word_M_103.png,unable,
MLDN2_5/word_M_104.png,vitamn,
MLDN2_5/word_M_105.png,zoologist,
MLDN2_5/word_M_106.png,watch,
MLDN2_5/word_M_107.png,with,
MLDN2_5/word_M_108.png,x-ray,
MLDN2_5/word_M_109.png,zone,
MLDN2_5/word_M_110.png,what,
MLDN2_5/word_M_111.png,x-ray,
MLDN2_5/word_M_112.png,radical,
MLDN2_5/word_M_113.png,zodiace,
MLDN2_5/word_M_115.png,x-ray,
MLDN2_5/word_M_118.png,zone,
MLDN2_5/word_M_119.png,x-ray,
MLDN2_5/word_M_47.png,viviott,
MLDN2_5/word_M_48.png,variation,
MLDN2_5/word_M_52.png,zucchinni,
MLDN2_5/word_M_53.png,service,
MLDN2_5/word_M_56.png,Tennies,
MLDN2_5/word_M_57.png,vivolk,
MLDN2_5/word_M_58.png,emotion,
MLDN2_5/word_M_61.png,yellow,
MLDN2_5/word_M_62.png,variation,
MLDN2_5/word_M_66.png,Tennies,
MLDN2_5/word_M_68.png,zoologist,
MLDN2_5/word_M_69.png,xenophobia,
MLDN2_5/word_M_73.png,emotion,
MLDN2_5/word_M_83.png,vivolk,
MLDN2_5/word_M_84.png,xenophobia,
MLDN2_5/word_M_87.png,variation,
MLDN2_5/word_M_89.png,zoologist,
MLDN2_5/word_M_96.png,emotion,
MLDN2_5/word_M_126.png,vitamn,
MLDN2_5/word_M_128.png,zodiac,
MLDN2_5/word_M_20.png,words,
MLDN2_5/word_M_22.png,young,
MLDN2_5/word_M_23.png,zigzigg,
MLDN2_5/word_M_24.png,yesterdays,
MLDN2_5/word_M_25.png,words,
MLDN2_5/word_M_26.png,zigzigg,
MLDN2_5/word_M_27.png,weekly,
MLDN2_5/word_M_28.png, yeah,
MLDN2_5/word_M_29.png,walker,
MLDN2_5/word_M_31.png,zigzigg,
MLDN2_5/word_M_35.png,words,
MLDN2_5/word_M_36.png,yesterdays,
MLDN2_5/word_M_41.png,Tennies,
MLDN2_5/word_M_42.png,variation,
MLDN2_5/word_M_43.png,zoologist,
MLDN2_5/word_M_44.png,yellow,
MLDN2_5/word_M_45.png,xenophobia,
MLDN2_6/word_MLDN2_6_10.png,,
MLDN2_6/word_MLDN2_6_102.png,,
MLDN2_6/word_MLDN2_6_103.png,,
MLDN2_6/word_MLDN2_6_105.png,,
MLDN2_6/word_MLDN2_6_108.png,,
MLDN2_6/word_MLDN2_6_109.png,,
MLDN2_6/word_MLDN2_6_110.png,,
MLDN2_6/word_MLDN2_6_111.png,,
MLDN2_6/word_MLDN2_6_112.png,,
MLDN2_6/word_MLDN2_6_114.png,,
MLDN2_6/word_MLDN2_6_116.png,,
MLDN2_6/word_MLDN2_6_119.png,,
MLDN2_6/word_MLDN2_6_12.png,,
MLDN2_6/word_MLDN2_6_121.png,,
MLDN2_6/word_MLDN2_6_122.png,,
MLDN2_6/word_MLDN2_6_124.png,,
MLDN2_6/word_M_79.png,factory,
MLDN2_6/word_M_80.png,fade,
MLDN2_6/word_M_82.png,factor ,
MLDN2_6/word_M_83.png,he,
MLDN2_6/word_M_84.png,ear,
MLDN2_6/word_M_85.png,parent,
MLDN2_6/word_M_86.png,ideal,
MLDN2_6/word_M_87.png,pale,
MLDN2_6/word_M_88.png,pack,
MLDN2_6/word_M_89.png,here,
MLDN2_6/word_M_90.png,fade,
MLDN2_6/word_M_92.png,ideal,
MLDN2_6/word_M_98.png,ideal,
MLDN2_6/word_M_129.png,feel,
MLDN2_6/word_M_130.png,hang,
MLDN2_6/word_M_132.png,gap,
MLDN2_6/word_M_133.png,gentle,
MLDN2_6/word_M_134.png,pad,
MLDN2_6/word_M_136.png,hero,
MLDN2_6/word_M_138.png,hang,
MLDN2_6/word_M_139.png,and,
MLDN2_6/word_M_142.png,far,
MLDN2_6/word_M_144.png,parish,
MLDN2_6/word_M_146.png,far,
MLDN2_6/word_M_147.png,paris ,
MLDN2_6/word_M_148.png,hero,
MLDN2_6/word_M_151.png,harm,
MLDN2_6/word_M_156.png,parish,
MLDN2_6/word_M_158.png,idiot,
MLDN2_6/word_M_174.png,maker,
MLDN2_6/word_M_175.png,page,
MLDN2_6/word_M_177.png,inco,
MLDN2_6/word_M_178.png,hang,
MLDN2_6/word_M_186.png,habit,
MLDN2_6/word_M_188.png,pan,
MLDN2_6/word_M_191.png,garge,
MLDN2_6/word_M_299.png,hell,
MLDN2_6/word_M_194.png,head,
MLDN2_6/word_M_195.png,habit,
MLDN2_6/word_M_197.png,feeling,
MLDN2_6/word_M_198.png,come,
MLDN2_6/word_M_200.png,farm,
MLDN2_6/word_M_204.png,come,
MLDN2_6/word_M_207.png,bat,
MLDN2_6/word_M_209.png,idol,
MLDN2_6/word_M_217.png,park,
MLDN2_6/word_M_218.png,heavy,
MLDN2_6/word_M_219.png,bit,
MLDN2_6/word_M_221.png,ling,
MLDN2_6/word_M_223.png,bat,
MLDN2_6/word_M_225.png,me,
MLDN2_6/word_M_228.png,idol,
MLDN2_6/word_M_230.png,park,
MLDN2_6/word_M_232.png,pain,
MLDN2_6/word_M_245.png,panel, 
MLDN2_6/word_M_251.png,happen,
MLDN2_6/word_M_254.png,panel,
MLDN2_6/word_M_274.png,have,
MLDN2_6/word_M_277.png,hate,
MLDN2_6/word_M_278.png,yellow,
MLDN2_6/word_M_280.png,help,
MLDN2_6/word_M_281.png,feed,
MLDN2_6/word_M_282.png,garden,
MLDN2_6/word_M_285.png,ignore,
MLDN2_6/word_M_286.png,increase,
MLDN2_6/word_M_287.png,part,
MLDN2_6/word_M_288.png,part,
MLDN2_6/word_M_290.png,part,
MLDN2_6/word_M_291.png,hate,
MLDN2_6/word_M_292.png,cup,
MLDN2_6/word_M_300.png,hell,
MLDN2_6/word_M_301.png,paid,
MLDN2_6/word_M_313.png,ate,
MLDN2_6/word_M_314.png,paint,
MLDN2_6/word_M_315.png,how,
MLDN2_6/word_M_317.png,hell,
MLDN2_6/word_M_5.png,gap,
MLDN2_6/word_M_8.png,pair,
MLDN2_6/word_M_9.png,hall,
MLDN2_6/word_M_10.png,fabric,
MLDN2_6/word_M_12.png,idea,
MLDN2_6/word_M_15.png,fact,
MLDN2_6/word_M_17.png,have,
MLDN2_6/word_M_19.png,her,
MLDN2_6/word_M_20.png,pase,
MLDN2_6/word_M_21.png,fake,
MLDN2_6/word_M_22.png,impact,
MLDN2_6/word_M_23.png,fabric,
MLDN2_6/word_M_24.png,hall,
MLDN2_6/word_M_25.png,pair,
MLDN2_6/word_M_26.png,gap,
MLDN2_6/word_M_27.png,happy,
MLDN2_6/word_M_29.png,idea,
MLDN2_6/word_M_30.png,paper,
MLDN2_6/word_M_32.png,have,
MLDN2_6/word_M_35.png,her,
MLDN2_6/word_M_39.png,pratice,
MLDN2_6/word_M_41.png,impact,
MLDN2_6/word_M_42.png,idea,
MLDN2_6/word_M_46.png,have,
MLDN2_6/word_M_67.png,hall,
MLDN2_6/word_M_68.png,pack,
MLDN2_6/word_M_69.png,fade,
MLDN2_6/word_M_72.png,hall,
MLDN2_6/word_M_73.png,eat,
MLDN2_6/word_M_75.png,factor,
MLDN2_6/word_M_76.png,here,
MLDN2_6/word_M_78.png,pale,
MLDN2_6/word_M_109.png,impress,
MLDN2_6/word_M_110.png,make,
MLDN2_6/word_M_114.png,impress,
MLDN2_6/word_M_116.png,hand,
MLDN2_6/word_M_124.png,paid,
MLDN2_6/word_M_127.png,gap,
MLDN2_7/word_MLDN2_7_101.png,gift,
MLDN2_7/word_MLDN2_7_103.png,fennal,
MLDN2_7/word_MLDN2_7_105.png,fake,
MLDN2_7/word_MLDN2_7_106.png,golf,
MLDN2_7/word_MLDN2_7_108.png,gate,
MLDN2_7/word_MLDN2_7_115.png,failure,
MLDN2_7/word_MLDN2_7_123.png,golf,
MLDN2_7/word_MLDN2_7_7.png,fabric,
MLDN2_7/word_MLDN2_7_10.png,fast,
MLDN2_7/word_MLDN2_7_13.png,fade,
MLDN2_7/word_MLDN2_7_14.png,gend,
MLDN2_7/word_MLDN2_7_15.png,ghost,
MLDN2_7/word_MLDN2_7_17.png,fenuy,
MLDN2_7/word_MLDN2_7_18.png,genunius,
MLDN2_7/word_MLDN2_7_19.png,fiber,
MLDN2_7/word_MLDN2_7_20.png,gender,
MLDN2_7/word_MLDN2_7_22.png,faith,
MLDN2_7/word_MLDN2_7_25.png,gesolin,
MLDN2_7/word_MLDN2_7_26.png,fedral,
MLDN2_7/word_MLDN2_7_29.png,gently,
MLDN2_7/word_MLDN2_7_33.png,gender,
MLDN2_7/word_MLDN2_7_34.png,fiver,
MLDN2_7/word_MLDN2_7_35.png,geograph,
MLDN2_7/word_MLDN2_7_36.png,ghost,
MLDN2_7/word_MLDN2_7_38.png,fedral,
MLDN2_7/word_MLDN2_7_45.png,ghost,
MLDN2_7/word_MLDN2_7_46.png,fedral,
MLDN2_7/word_MLDN2_7_48.png,fiver,
MLDN2_7/word_MLDN2_7_49.png,faith,
MLDN2_7/word_MLDN2_7_65.png,eat,
MLDN2_7/word_MLDN2_7_66.png,how,
MLDN2_7/word_MLDN2_7_67.png,der,
MLDN2_7/word_MLDN2_7_69.png,fail,
MLDN2_7/word_MLDN2_7_76.png,face,
MLDN2_7/word_MLDN2_7_77.png,fail,
MLDN2_7/word_MLDN2_7_78.png,fence,
MLDN2_7/word_MLDN2_7_79.png,fiction,
MLDN2_7/word_MLDN2_7_82.png,face,
MLDN2_7/word_MLDN2_7_83.png,feel,
MLDN2_7/word_MLDN2_7_84.png,gift,
MLDN2_7/word_MLDN2_7_85.png,fiction,
MLDN2_7/word_MLDN2_7_87.png,guns,
MLDN2_7/word_MLDN2_7_90.png,gate,
MLDN2_7/word_MLDN2_7_93.png,face,
MLDN2_7/word_MLDN2_7_95.png,fake,
MLDN2_7/word_MLDN2_7_97.png,fall,
MLDN2_7/word_MLDN2_7_98.png,feel,
MLDN2_7/word_MLDN2_7_99.png,guns,
MLDN2_7/word_MLDN2_7_125.png,fantesy,
MLDN2_7/word_MLDN2_7_126.png,fed ,
MLDN2_7/word_MLDN2_7_134.png,get,
MLDN2_7/word_MLDN2_7_145.png,festival,
MLDN2_7/word_MLDN2_7_148.png,field,
MLDN2_7/word_MLDN2_7_149.png,femiliar,
MLDN2_7/word_MLDN2_7_151.png,federal,
MLDN2_7/word_MLDN2_7_158.png,facility,
MLDN2_7/word_MLDN2_7_160.png,general,
MLDN2_7/word_MLDN2_7_161.png,feild,
MLDN2_7/word_MLDN2_7_164.png,graphy,
MLDN2_7/word_MLDN2_7_165.png,good,
MLDN2_7/word_MLDN2_7_169.png,gang,
MLDN2_7/word_MLDN2_7_172.png,gentle,
MLDN2_7/word_MLDN2_7_174.png,field,
MLDN2_7/word_MLDN2_7_179.png,fence,
MLDN2_7/word_MLDN2_7_180.png,father,
MLDN2_7/word_MLDN2_7_181.png,game,
MLDN2_7/word_MLDN2_7_183.png,gang,
MLDN2_7/word_MLDN2_7_191.png,game,
MLDN2_7/word_MLDN2_7_192.png,ghost,
MLDN2_7/word_MLDN2_7_195.png,faint,
MLDN2_7/word_MLDN2_7_207.png,fierce,
MLDN2_7/word_MLDN2_7_210.png,fiber,
MLDN2_7/word_MLDN2_7_211.png,ghost,
MLDN2_7/word_MLDN2_7_212.png,faint,
MLDN2_7/word_MLDN2_7_213.png,ther,
MLDN2_7/word_MLDN2_7_214.png,fes ,
MLDN2_7/word_MLDN2_7_215.png,ghost,
MLDN2_7/word_MLDN2_7_216.png,liar,
MLDN2_7/word_MLDN2_7_219.png,fiber,
MLDN2_7/word_MLDN2_7_220.png,fact,
MLDN2_7/word_MLDN2_7_221.png,fierce,
MLDN2_7/word_MLDN2_7_224.png,feel,
MLDN2_7/word_MLDN2_7_226.png,fact,
MLDN2_7/word_MLDN2_7_239.png,festival,
MLDN2_7/word_MLDN2_7_240.png,fair,
MLDN2_7/word_MLDN2_7_241.png,gallery,
MLDN2_7/word_MLDN2_7_242.png,gesture,
MLDN2_7/word_MLDN2_7_243.png,fast,
MLDN2_7/word_MLDN2_7_244.png,fair,
MLDN2_7/word_MLDN2_7_245.png,fellow,
MLDN2_7/word_MLDN2_7_247.png,festival,
MLDN2_7/word_MLDN2_7_248.png,fear,
MLDN2_7/word_MLDN2_7_250.png,fault,
MLDN2_7/word_MLDN2_7_251.png,fast,
MLDN2_7/word_MLDN2_7_252.png,feed,
MLDN2_7/word_MLDN2_7_253.png,fellow,
MLDN2_7/word_MLDN2_7_258.png,gesture,
MLDN2_7/word_MLDN2_7_259.png,fellow,
MLDN2_7/word_MLDN2_7_261.png,case,
MLDN2_7/word_MLDN2_7_263.png,fault,
MLDN2_7/word_MLDN2_7_264.png,fair,
MLDN2_7/word_MLDN2_7_265.png,fear,
MLDN2_7/word_MLDN2_7_266.png,fellow,
MLDN2_7/word_MLDN2_7_268.png,gesture,
MLDN2_7/word_MLDN2_7_276.png,fifteen,
MLDN2_7/word_MLDN2_7_277.png,feed,
MLDN2_7/word_MLDN2_7_279.png,factor,
MLDN2_7/word_MLDN2_7_280.png,gasolin,
MLDN2_7/word_MLDN2_7_284.png,fifteen,
MLDN2_7/word_MLDN2_7_286.png,gently,
MLDN2_7/word_MLDN2_7_287.png,factor,
MLDN2_7/word_MLDN2_7_299.png,gently,
MLDN2_7/word_MLDN2_7_303.png,feed,
MLDN2_7/word_MLDN2_7_311.png,glance,
MLDN2_7/word_MLDN2_7_312.png,few,
MLDN2_7/word_MLDN2_7_313.png,feeling,
MLDN2_7/word_MLDN2_7_315.png,fairly,
MLDN2_7/word_MLDN2_7_316.png,feed,
MLDN2_7/word_MLDN2_7_318.png,get,
MLDN2_7/word_MLDN2_7_319.png,gas ,
MLDN2_7/word_MLDN2_7_323.png,feed,
MLDN2_7/word_MLDN2_7_328.png,favorite,
MLDN2_7/word_MLDN2_7_331.png,get,
MLDN2_7/word_MLDN2_7_332.png,feeling,
MLDN2_7/word_MLDN2_7_333.png,galaxy,
MLDN2_8/word_MLDN2_8_125.png,vague,
MLDN2_8/word_MLDN2_8_126.png,vague,
MLDN2_8/word_MLDN2_8_127.png,variation,
MLDN2_8/word_MLDN2_8_128.png,vacation,
MLDN2_8/word_MLDN2_8_129.png,unbelivable,
MLDN2_8/word_MLDN2_8_130.png,under,
MLDN2_8/word_MLDN2_8_131.png,valuable,
MLDN2_8/word_MLDN2_8_132.png,utility,
MLDN2_8/word_MLDN2_8_134.png,uncle,
MLDN2_8/word_MLDN2_8_135.png,vannies,
MLDN2_8/word_MLDN2_8_136.png,uncomfort,
MLDN2_8/word_MLDN2_8_137.png,univer,
MLDN2_8/word_MLDN2_8_139.png,utility,
MLDN2_8/word_MLDN2_8_67.png,serial,
MLDN2_8/word_MLDN2_8_68.png,soldis,
MLDN2_8/word_MLDN2_8_69.png,rapidly,
MLDN2_8/word_MLDN2_8_72.png,reach,
MLDN2_8/word_MLDN2_8_73.png,rank,
MLDN2_8/word_MLDN2_8_74.png,react,
MLDN2_8/word_MLDN2_8_75.png,function,
MLDN2_8/word_MLDN2_8_76.png,reading,
MLDN2_8/word_MLDN2_8_77.png,soldes,
MLDN2_8/word_MLDN2_8_78.png,raie,
MLDN2_8/word_MLDN2_8_81.png,penallty,
MLDN2_8/word_MLDN2_8_82.png,quarty,
MLDN2_8/word_MLDN2_8_84.png,functional,
MLDN2_8/word_MLDN2_8_88.png,qualified,
MLDN2_8/word_MLDN2_8_89.png,quater,
MLDN2_8/word_MLDN2_8_90.png,raie,
MLDN2_8/word_MLDN2_8_91.png,limited,
MLDN2_8/word_MLDN2_8_95.png,penalty,
MLDN2_8/word_MLDN2_8_96.png,rank,
MLDN2_8/word_MLDN2_8_141.png,uncomfortable,
MLDN2_8/word_MLDN2_8_142.png,vaccine,
MLDN2_8/word_MLDN2_8_147.png,vannish,
MLDN2_8/word_MLDN2_8_149.png,under,
MLDN2_8/word_MLDN2_8_15.png,quest,
MLDN2_8/word_MLDN2_8_150.png,university,
MLDN2_8/word_MLDN2_8_19.png,pause,
MLDN2_8/word_MLDN2_8_20.png,passion,
MLDN2_8/word_MLDN2_8_21.png,party,
MLDN2_8/word_MLDN2_8_22.png,past,
MLDN2_8/word_MLDN2_8_23.png,passage,
MLDN2_8/word_MLDN2_8_25.png,partners,
MLDN2_8/word_MLDN2_8_26.png,patient,
MLDN2_8/word_MLDN2_8_27.png,partner,
MLDN2_8/word_MLDN2_8_28.png,party,
MLDN2_8/word_MLDN2_8_29.png,partice,
MLDN2_8/word_MLDN2_8_32.png,paricular,
MLDN2_8/word_MLDN2_8_38.png,party,
MLDN2_8/word_MLDN2_8_42.png,partbership,
MLDN2_9/word_MLDN2_9_103.png,category,
MLDN2_9/word_MLDN2_9_104.png,cash,
MLDN2_9/word_MLDN2_9_109.png,cave,
MLDN2_9/word_MLDN2_9_110.png,calcus,
MLDN2_9/word_MLDN2_9_22.png,caper,
MLDN2_9/word_MLDN2_9_23.png,cabin,
MLDN2_9/word_MLDN2_9_26.png,caper,
MLDN2_9/word_MLDN2_9_27.png,camera,
MLDN2_9/word_MLDN2_9_29.png,calculate,
MLDN2_9/word_MLDN2_9_30.png,catch,
MLDN2_9/word_MLDN2_9_32.png,cache,
MLDN2_9/word_MLDN2_9_34.png,cavaltry,
MLDN2_9/word_MLDN2_9_46.png,cabinet,
MLDN2_9/word_MLDN2_9_47.png,cactus,
MLDN2_9/word_MLDN2_9_48.png,camouf,
MLDN2_9/word_MLDN2_9_50.png,cabinet,
MLDN2_9/word_MLDN2_9_51.png,calmn,
MLDN2_9/word_MLDN2_9_52.png,cactus,
MLDN2_9/word_MLDN2_9_53.png,canist,
MLDN2_9/word_MLDN2_9_55.png,castle,
MLDN2_9/word_MLDN2_9_56.png,corpenter,
MLDN2_9/word_MLDN2_9_58.png,camoufla,
MLDN2_9/word_MLDN2_9_60.png,canister,
MLDN2_9/word_MLDN2_9_61.png,calmno,
MLDN2_9/word_MLDN2_9_63.png,cabinet,
MLDN2_9/word_MLDN2_9_64.png,cactus,
MLDN2_9/word_MLDN2_9_66.png,castle,
MLDN2_9/word_MLDN2_9_67.png,cash,
MLDN2_9/word_MLDN2_9_69.png,cabinet,
MLDN2_9/word_MLDN2_9_71.png,caution,
MLDN2_9/word_MLDN2_9_73.png,calm,
MLDN2_9/word_MLDN2_9_74.png,castle,
MLDN2_9/word_MLDN2_9_76.png,cactus,
MLDN2_9/word_MLDN2_9_77.png,camaouflag,
MLDN2_9/word_MLDN2_9_91.png,cave,
MLDN2_9/word_MLDN2_9_236.png,castle,
MLDN2_9/word_MLDN2_9_238.png,catholic,
MLDN2_9/word_MLDN2_9_253.png,cadete,
MLDN2_9/word_MLDN2_9_254.png,calm,
MLDN2_9/word_MLDN2_9_130.png,enter,
MLDN2_9/word_MLDN2_9_140.png,cachy,
MLDN2_9/word_MLDN2_9_142.png,cadaver,
MLDN2_9/word_MLDN2_9_144.png,camel,
MLDN2_9/word_MLDN2_9_146.png,campy,
MLDN2_9/word_MLDN2_9_147.png,candy,
MLDN2_9/word_MLDN2_9_152.png,campy,
MLDN2_9/word_MLDN2_9_158.png,cassetle,
MLDN2_9/word_MLDN2_9_159.png,camel,
MLDN2_9/word_MLDN2_9_160.png,cachy,
MLDN2_9/word_MLDN2_9_162.png,cadaver,
MLDN2_9/word_MLDN2_9_164.png,cachy,
MLDN2_9/word_MLDN2_9_165.png,candy,
MLDN2_9/word_MLDN2_9_168.png,crap,
MLDN2_9/word_MLDN2_9_170.png,cadaver,
MLDN2_9/word_MLDN2_9_172.png,castle,
MLDN2_9/word_MLDN2_9_174.png,candy,
MLDN2_9/word_MLDN2_9_177.png,carel,
MLDN2_9/word_MLDN2_9_179.png,cachy,
MLDN2_9/word_MLDN2_9_180.png,catholic,
MLDN2_9/word_MLDN2_9_181.png,cadaver,
MLDN2_9/word_MLDN2_9_186.png,cavalry,
MLDN2_9/word_MLDN2_9_191.png,catholic,
MLDN2_9/word_MLDN2_9_193.png,calm,
MLDN2_9/word_MLDN2_9_194.png,cassetle,
MLDN2_9/word_MLDN2_9_195.png,campy,
MLDN2_9/word_MLDN2_9_196.png,cadete,
MLDN2_9/word_MLDN2_9_200.png,cavalry,
MLDN2_9/word_MLDN2_9_206.png,catholic,
MLDN2_9/word_MLDN2_9_212.png,campy,
MLDN2_9/word_MLDN2_9_216.png,cadete,
MLDN2_9/word_MLDN2_9_218.png,cassetle,
MLDN2_9/word_MLDN2_9_219.png,calm,
MT-2/M267.png,wrong,
MT-2/M268.png,would,
MT-2/M269.png,rightly,
MT-2/M270.png,we,
MT-2/M271.png,name,
MT-2/M272.png,count,
MT-2/M273.png,more,
MT-2/M274.png,any,
MT-2/M275.png,derive,
MT-2/M276.png,me ,
MT-2/M277.png,Exit ,
MT-2/M278.png,said,
MT-2/M279.png,look ,
MT-2/M280.png,looms,
MT-2/M281.png,many,
MT-2/M282.png,restrictive,
MT-2/M283.png,processed,
MT-2/M284.png,officer,
MT-2/M285.png,discuss,
MT-2/M286.png,real,
MT-2/M287.png,cloud,
MT-2/M288.png,Sample,
MT-2/M289.png,days,
MT-2/M290.png,fatal,
MT-2/M291.png,isolated,
MT-2/M292.png,eather,
MT-2/M293.png,white ,
MT-2/M294.png,Naples ,
MT-2/M295.png,week,
MT-2/M296.png,honey,
MT-2/M297.png,strewn,
MT-2/M298.png,is ,
MT-2/M299.png,much,
MT-2/M300.png,most,
MT-2/M301.png,chamber,
MT-2/M302.png,wilcox,
MT-2/M303.png,editress,
MT-2/M304.png,might,
MT-2/M305.png,an,
MT-2/M306.png,whiteball,
MT-2/M307.png,tinkled,
MT-2/M308.png,zipannd,
MT-2/M309.png,columbia,
MT-2/M310.png,weaver,
MT-2/M311.png,medial,
MT-2/M312.png,Busean,
MT-2/M313.png,Sonator,
MT-2/M314.png,senate,
MT-2/M315.png,ablition ,
MT-2/M316.png,pot,
MT-2/M317.png,mady,
MT-2/M318.png,presition,
MT-2/M319.png,payment,
MT-2/M320.png,im,
MT-2/M321.png,abiaus,
MT-2/M322.png,labour,
MT-2/M323.png,filled,
MT-2/M324.png,writing,
MT-2/M325.png,layed,
MT-2/M326.png,prestions,
MT-2/M327.png,florida,
MT-2/M328.png,the,
MT-2/M329.png,party,
MT-2/M330.png,amoung,
MT-2/M331.png,area,
MT-2/M332.png,been,
MT-2/M333.png,brett,
MT-2/M334.png,reason ,
MT-2/M335.png,questinable,
MT-2/M336.png,own,
MT-2/M337.png,elded,
MT-2/M338.png,service,
MT-2/M339.png,volentary,
MT-2/M340.png,an,
MT-2/M341.png,macleod,
MT-2/M342.png,from,
MT-2/M343.png,ronts,
MT-2/M344.png,down,
MT-2/M345.png,later,
MT-2/M346.png,hand,
MT-2/M347.png,declared,
MT-2/M348.png,prime,
MT-2/M349.png,existing,
MT-2/M350.png,situat,
MT-4/M401.png,bagy,
MT-4/M402.png,baron,
MT-4/M403.png,becuilder,
MT-4/M404.png,beyond,
MT-4/M405.png,beyond,
MT-4/M406.png,bind,
MT-4/M407.png,baseful,
MT-4/M408.png,area,
MT-4/M409.png,bellow,
MT-4/M410.png,beat,
MT-4/M411.png,barrack,
MT-4/M412.png,bind,
MT-4/M413.png,daily,
MT-4/M414.png,beliot,
MT-4/M415.png,canttea,
MT-4/M416.png,becild,
MT-4/M417.png,beakon,
MT-4/M418.png,barbar,
MT-4/M419.png,candy,
MT-4/M420.png,barely,
MT-4/M421.png,barbaric,
MT-4/M422.png,bent,
MT-4/M423.png,ofally,
MT-4/M424.png,abreat,
MT-4/M425.png,accent,
MT-4/M426.png,accent,
MT-4/M427.png,abiate,
MT-4/M428.png,aimy,
MT-4/M429.png,cenre,
MT-4/M430.png,aberation,
MT-4/M431.png,befit,
MT-4/M432.png,abridge,
MT-4/M433.png,abbreviate,
MT-4/M434.png,academic,
MT-4/M435.png,accept,
MT-4/M436.png,abhor,
MT-4/M437.png,accte,
MT-4/M438.png,bastet,
MT-4/M439.png,abroad,
MT-4/M440.png,alloy,
MT-4/M441.png,befally,
MT-4/M442.png,along,
MT-4/M443.png,access,
MT-4/M444.png,affair,
MT-4/M445.png,abroad,
MT-4/M446.png,adicate,
MT-4/M447.png,basics,
MT-4/M448.png,accord,
MT-4/M449.png,adicate,
MT-4/M450.png,absolute,
MT-4/M451.png,accord,
MT-4/M452.png,bowl,
MT-4/M453.png,born,
MT-4/M454.png,babble,
MT-4/M455.png,abrasive,
MT-4/M456.png,affect,
MT-4/M457.png,born,
MT-4/M458.png,belief,
MT-4/M459.png,bigote,
MT-4/M460.png,beset,
MT-4/M461.png,bigote,
MT-4/M462.png,belong,
MT-4/M463.png,bench,
MT-4/M464.png,delux,
MT-4/M465.png,diase,
MT-4/M466.png,demin,
MT-4/M467.png,decamp,
MT-4/M468.png,deny,
MT-4/M469.png,discolor,
MT-4/M470.png,devoid,
MT-4/M471.png,disclose,
MT-4/M472.png,disclose,
MT-4/M473.png,dine,
MT-4/M474.png,devout,
MT-4/M475.png,deart,
MT-4/M476.png,disc,
MT-4/M477.png,declibrate,
MT-4/M478.png,diffuse,
MT-4/M479.png,duses,
MT-4/M480.png,despatch,
MT-4/M481.png,dig,
MT-4/M482.png,delast,
MT-4/M483.png,dush,
MT-4/M484.png,disbuse,
MT-4/M485.png,dessart,
MT-4/M486.png,delate,
MT-4/M487.png,disbuse,
MT-4/M488.png,delux,
MT-4/M489.png,deck,
MT-4/M490.png,digest,
MT-4/M491.png,degrad,
MT-4/M492.png,despatch,
MT-4/M493.png,despatch,
MT-4/M494.png,degrad,
MT-4/M495.png,devote,
MT-4/M496.png,dedicate,
MT-4/M497.png,dimple,
MT-4/M498.png,decor,
MT-4/M499.png,deragatoy,
MT-4/M500.png,denger,
MT-4/M501.png,disciple,
MT-4/M502.png,decamp,
MT-4/M503.png,digital,
MT-4/M504.png,denger,
MT-4/M505.png,dabble,
MT-4/M506.png,dam,
MT-4/M507.png,dabble,
MT-4/M508.png,dignity,
MT-4/M509.png,emotion,
MT-4/M510.png,eminent,
MT-4/M511.png,embattle,
MT-4/M512.png,detect,
MT-4/M513.png,decant,
MT-4/M514.png,defraud,
MT-4/M515.png,embolden,
MT-4/M516.png,empower,
MT-4/M517.png,emboldrs,
MT-4/M518.png,defraud,
MT-4/M519.png,employ,
MT-4/M520.png,emit,
MT-4/M521.png,dignity,
MT-4/M522.png,echo,
MT-4/M523.png,edition,
MT-4/M524.png,eagle,
MT-4/M525.png,ecology,
MT-4/M526.png,eat,
MT-4/M527.png,ernet,
MT-4/M528.png,elapse,
MT-4/M529.png,ebeny,
MT-4/M530.png,elurt,
MT-4/M531.png,effusion,
MT-4/M532.png,educe,
MT-4/M533.png,ear,
MT-4/M534.png,elope,
MT-4/M535.png,either,
MT-4/M536.png,ediifice,
MT-4/M537.png,each,
MT-4/M538.png,elongate,
MT-4/M539.png,eager,
MT-4/M540.png,element,
MT-4/M541.png,ease,
MT-4/M542.png,edifty,
MT-4/M543.png,economy,
MT-4/M544.png,embry,
MT-4/M545.png,felicit,
MT-4/M546.png,family,
MT-4/M547.png,elucty,
MT-4/M548.png,grapy,
MT-4/M549.png,fibrey,
MT-4/M550.png,fish,
MT-4/M551.png,feature,
MT-4/M552.png,fighting,
MT-4/M553.png,enumerate,
MT-4/M554.png,enumerate,
MT-4/M555.png,extagratin,
MT-4/M556.png,extraordinary,
MT-4/M557.png,extringan,
MT-4/M558.png,exradtion,
MT-4/M559.png,tradition,
MT-4/M560.png,equalibrium,
MT-4/M561.png,traditon,
MT-4/M562.png,featy,
MT-4/M563.png,quatity,
MT-4/M564.png,exipt,
MT-4/M565.png,glating,
MT-4/M566.png,glad,
MT-4/M567.png,glacing,
MT-4/M568.png,enlight,
MT-4/M569.png,final,
MT-4/M570.png,fiver,
MT-4/M571.png,fish,
MT-4/M572.png,flood,
MT-4/M573.png,firming,
MT-4/M574.png,fish,
MT-4/M575.png,fload,
MT-4/M576.png,eyes,
MT-4/M577.png,eape,
MT-4/M578.png,gabing,
MT-4/M579.png,glacier,
MT-4/M580.png,fettering,
MT-4/M581.png,gening,
MT-4/M582.png,enclosed,
MT-4/M583.png,end,
MT-4/M584.png,empty,
MT-4/M585.png,enouber,
MT-4/M586.png,encroch,
MT-4/M587.png,wesrion,
MT-4/M588.png,entricate,
MT-4/M589.png,emotion ,
MT-4/M590.png,era,
MT-4/M591.png,exude,
MT-4/M592.png,entricate,
MT-4/M593.png,epic,
MT-4/M594.png,traditon,
MT-4/M595.png,extrinsic,
MT-4/M596.png,extraicate,
MT-4/M597.png,encouraging,
MT-4/M598.png,enter,
MT-4/M599.png,intent,
MT-4/M600.png,raging,
MT-4/M601.png,equalibrin,
MT-4/M602.png,exiply,
MT-4/M603.png,equalibrint,
MT-4/M604.png,join,
MT-4/M605.png,eightbor,
MT-4/M606.png,ocean,
MT-4/M607.png,on,
MT-4/M608.png,nine,
MT-4/M609.png,level,
MT-4/M610.png,once,
MT-4/M611.png,night,
MT-4/M612.png,olympic,
MT-4/M613.png,odd,
MT-4/M614.png,killing,
MT-4/M615.png,key,
MT-4/M616.png,night,
MT-4/M617.png,never,
MT-4/M618.png,next,
MT-4/M619.png,idot,
MT-4/M620.png,mast,
MT-4/M621.png,mad,
MT-4/M622.png,many,
MT-4/M623.png,ideat,
MT-4/M624.png,identity,
MT-4/M625.png,partial,
MT-4/M626.png,offen,
MT-4/M627.png,kite,
MT-4/M628.png,onion,
MT-4/M629.png,kettle,
MT-4/M630.png,killing,
MT-4/M631.png,nail,
MT-4/M632.png,journ,
MT-4/M633.png,neftty,
MT-4/M634.png,no,
MT-4/M635.png,factional,
MT-4/M636.png,factional,
MT-4/M637.png,gather,
MT-4/M638.png,factual,
MT-4/M639.png,facility,
MT-4/M640.png,fisrt,
MT-4/M641.png,first,
MT-4/M642.png,gaugre,
MT-4/M643.png,feeling,
MT-4/M644.png,independence,
MT-4/M645.png,improvement,
MT-4/M646.png,managment,
MT-4/M647.png,inprount,
MT-4/M648.png,maintance,
MT-4/M649.png,illustrate,
MT-4/M650.png,improvement,
MT-4/M651.png,native,
MT-4/M652.png,participate,
MT-4/M653.png,magnetice,
MT-4/M654.png,partial,
MT-4/M655.png,maheap,
MT-4/M656.png,particle,
MT-4/M657.png,natural,
MT-4/M658.png,machine,
MT-4/M659.png,maheap,
MT-4/M660.png,natrually,
MT-4/M661.png,immediately,
MT-4/M662.png,newspaper,
MT-4/M663.png,machine,
MT-4/M664.png,night,
MT-4/M665.png,manner,
MT-4/M666.png,parking,
MT-4/M667.png,parking,
MT-4/M668.png,immediately,
MT-4/M669.png,painter,
MT-4/M670.png,enumber,
MT-4/M671.png,enumber,
MT-4/M672.png,terrorist,
MT-4/M673.png,encompass,
MT-4/M674.png,empty,
MT-4/M675.png,your,
MT-4/M676.png,sample,
MT-4/M677.png,enough,
MT-4/M678.png,enmoble,
MT-4/M679.png,taste,
MT-4/M680.png,talk,
MT-4/M681.png,emlate,
MT-4/M682.png,enormous,
MT-4/M683.png,yearly,
MT-4/M684.png,tennis,
MT-4/M685.png,zoom,
MT-4/M686.png,race,
MT-4/M687.png,sales,
MT-4/M688.png,race,
MT-4/M689.png,target,
MT-4/M690.png,salse,
MT-4/M691.png,wait,
MT-4/M692.png,xerox,
MT-4/M693.png,your,
MT-4/M694.png,wagon,
MT-4/M695.png,xerox,
MT-4/M696.png,wagon,
MT-4/M697.png,same,
MT-4/M698.png,waiter,
MT-4/M699.png,sakes,
MT-4/M700.png,valid,
MT-4/M701.png,quest,
MT-4/M702.png,zone,
MT-4/M703.png,record,
MT-4/M704.png,record,
MT-4/M705.png,what,
MT-4/M706.png,tackle,
MT-4/M707.png,recognition,
MT-4/M708.png,queen,
MT-4/M709.png,query,
MT-4/M710.png,quatation,
MT-4/M711.png,query,
MT-4/M712.png,what,
MT-4/M713.png,secretory,
MT-4/M714.png,tag,
MT-4/M715.png,quatation,
MT-4/M716.png,quatation,
MT-4/M717.png,what,
MT-4/M718.png,factory,
MT-4/M719.png,yellow,
MT-4/M720.png,secretory,
MT-4/M721.png,quater,
MT-4/M722.png,paricular,
MT-4/M723.png,penalty,
MT-4/M724.png,partnership,
MT-4/M725.png,partnership,
MT-4/M726.png,peak,
MT-4/M727.png,party,
MT-4/M728.png,pencik,
MT-4/M729.png,pay,
MT-4/M730.png,passion,
MT-4/M731.png,partcularly,
MT-4/M732.png,pencik,
MT-4/M733.png,polk,
MT-4/M734.png,passion,
MT-4/M735.png,partcularly,
MT-4/M736.png,quater,
MT-4/M737.png,payment,
MT-4/M738.png,port,
MT-4/M739.png,parferce,
MT-4/M740.png,accept,
MT-4/M741.png,absolut,
MT-4/M742.png,shitiy,
MT-4/M743.png,abend,
MT-4/M744.png,actual,
MT-4/M745.png,adopt,
MT-4/M746.png,apple,
MT-4/M747.png,apple,
MT-4/M748.png,abondon,
MT-4/M749.png,absolute,
MT-4/M750.png,accept,
MT-4/M751.png,carpet,
MT-4/M752.png,cargo,
MT-4/M753.png,candidate,
MT-4/M754.png,cancer,
MT-4/M755.png,cable,
MT-4/M756.png,cutch,
MT-4/M757.png,ceiling,
MT-4/M758.png,cause,
MT-4/M759.png,cell,
MT-4/M760.png,cave,
MT-4/M761.png,cat,
MT-4/M762.png,ceiling,
MT-4/M763.png,ceiling,
MT-4/M764.png,accent,
MT-4/M765.png,allow,
MT-4/M766.png,perfect,
MT-4/M767.png,easter,
MT-4/M768.png,dealer,
MT-4/M769.png,apple,
MT-4/M770.png,earn,
MT-4/M771.png,dead,
MT-4/M772.png,earth,
MT-4/M773.png,easy,
MT-4/M774.png,define,
MT-4/M775.png,all ,
MT-4/M776.png,deaf,
MT-4/M777.png,dean,
MT-4/M778.png,abondun,
MT-4/M779.png,guiter,
MT-4/M780.png,gypsy,
MT-4/M781.png,glimmer,
MT-4/M782.png,grievance,
MT-4/M783.png,goth,
MT-4/M784.png,gungle,
MT-4/M785.png,goverment,
MT-4/M786.png,grade,
MT-4/M787.png,guzzle,
MT-4/M788.png,guest,
MT-4/M789.png,gush,
MT-4/M790.png,glony,
MT-4/M791.png,grade,
MT-4/M792.png,guzzle,
MT-4/M793.png,govrnment,
MT-4/M794.png,guest,
MT-4/M795.png,grade,
MT-4/M796.png,glodly,
MT-4/M797.png,goth,
MT-4/M798.png,gusset,
MT-4/M799.png,gulf,
MT-4/M800.png,gravity,
MT-4/M801.png,obtain,
MT-4/M802.png,observation,
MT-4/M803.png,happy,
MT-4/M804.png,necessary,
MT-4/M805.png,govern,
MT-4/M806.png,obvious,
MT-4/M807.png,painter,
MT-4/M808.png,ok,
MT-4/M809.png,impact,
MT-4/M810.png,office,
MT-4/M811.png,impose,
MT-4/M812.png,observe,
MT-4/M813.png,backrground,
MT-4/M814.png,bag,
MT-4/M815.png,bank,
MT-4/M816.png,beyond,
MT-4/M817.png,batter,
MT-4/M818.png,beside,
MT-4/M819.png,best,
MT-4/M820.png,beyond,
MT-4/M821.png,democrat,
MT-4/M822.png,democart,
MT-4/M823.png,denial,
MT-4/M824.png,democray,
MT-4/M825.png,dam,
MT-4/M826.png,denial,
MT-4/M827.png,delay,
MT-4/M828.png,ability,
MT-4/M829.png,abnadon,
MT-4/M830.png,accept,
MT-4/M831.png,accident,
MT-4/M832.png,account,
MT-4/M833.png,absolite,
MT-4/M834.png,balance,
MT-4/M835.png,ball,
MT-4/M836.png,bad,
MT-4/M837.png,visit,
MT-4/M838.png,salese,
MT-4/M839.png,real,
MT-4/M840.png,on,
MT-4/M841.png,yes,
MT-4/M842.png,few,
MT-4/M843.png,very,
MT-4/M844.png,weak,
MT-4/M845.png,few,
MT-4/M846.png,what,
MT-4/M847.png,when,
MT-4/M848.png,any,
MT-4/M849.png,very,
MT-4/M850.png,waste,
MT-4/M851.png,value,
MT-4/M852.png,waste,
MT-4/M853.png,yellow,
MT-4/M854.png,help,
MT-4/M855.png,feed,
MT-4/M856.png,paint,
MT-4/M857.png,fast,
MT-4/M858.png,golf,
MT-4/M859.png,fantesy,
MT-4/M860.png,field,
MT-4/M861.png,fency,
MT-4/M862.png,gentlemen,
MT-4/M863.png,fiber,
MT-4/M864.png,gender,
MT-4/M865.png,ghost,
MT-4/M866.png,fellow,
MT-4/M867.png,fault,
MT-4/M868.png,fear,
MT-4/M869.png,fifteen,
MT-4/M870.png,factor ,
MT-4/M871.png,gender,
MT-4/M872.png,fedral,
MT-4/M873.png,fiver,
MT-4/M874.png,ography,
MT-4/M875.png,fabric,
MT-4/M876.png,feet,
MT-4/M877.png,gift,
MT-4/M878.png,fake,
MT-4/M879.png,water,
MT-4/M880.png,vague,
MT-4/M881.png,variation,
MT-4/M882.png,vacation,
MT-4/M883.png,valuable,
MT-4/M884.png,utility,
MT-4/M885.png,vannish,
MT-4/M886.png,uncomfort,
MT-4/M887.png,vaccin,
MT-4/M888.png,vannish,
MT-4/M889.png,quest,
MT-4/M890.png,university,
MT-4/M891.png,pause,
MT-4/M892.png,passion,
MT-4/M893.png,party,
MT-4/M894.png,past,
MT-4/M895.png,passage,
MT-4/M896.png,partnership,
MT-4/M897.png,patient,
MT-4/M898.png,partner ,
MT-4/M899.png,party,
MT-4/M900.png,party,
MT-4/M901.png,rapidly,
MT-4/M902.png,reach,
MT-4/M903.png,rankl,
MT-4/M904.png,raclt,
MT-4/M905.png,reading,
MT-4/M906.png,ride,
MT-4/M907.png,soldes,
MT-4/M908.png,functional,
MT-4/M909.png,qualified,
MT-4/M910.png,limited,
MT-4/M911.png,category,
MT-4/M912.png,cavalry,
MT-4/M913.png,castle,
MT-4/M914.png,catholic,
MT-4/M915.png,cape,
MT-4/M916.png,camera,
MT-4/M917.png,cache,
MT-4/M918.png,captur,
MT-4/M919.png,camouf,
MT-4/M920.png,caution,
MT-4/M921.png,captur,
MT-4/M922.png,vaccin,
MT-4/M923.png,urgent,
MT-4/M924.png,radical,
MT-4/M925.png,vitamin,
MT-4/M926.png,watch,
MT-4/M927.png,wet,
MT-4/M928.png,x-ray,
MT-4/M929.png,impress,
MT-4/M930.png,the,
MT-4/M931.png,flak,
MT-4/M932.png,zone,
MT-4/M933.png,vitamin,
MT-4/M934.png,zodiac,
MT-4/M935.png,project,
MT-4/M936.png,hand,
MT-4/M937.png,parish,
MT-4/M938.png,hero,
MT-4/M939.png,factor ,
MT-4/M940.png,horn,
MT-4/M941.png,have,
MT-4/M942.png,maker,
MT-4/M943.png,with,
MT-4/M944.png,flood,
MT-4/M945.png,letter,
MT-4/M946.png,fit,
MT-4/M947.png,her ,
MT-4/M948.png,range,
MT-4/M949.png,habit,
MT-4/M950.png,project,
MT-4/M951.png,feeling,
MT-4/M952.png,words,
MT-4/M953.png,form,
MT-4/M954.png,words,
MT-4/M955.png,fase,
MT-4/M956.png,flax,
MT-4/M957.png,letter,
MT-4/M958.png,heavy,
MT-4/M959.png,impact,
MT-4/M960.png,fabric,
MT-4/M961.png,zigzig,
MT-4/M962.png,half,
MT-4/M963.png,yesterday,
MT-4/M964.png,happen,
MT-4/M965.png,parcel,
MT-4/M966.png,happy,
MT-4/M967.png,weekly,
MT-4/M968.png,yeah,
MT-4/M969.png,garden,
MT-4/M970.png,ignore,
MT-4/M971.png,walker,
MT-4/M972.png,have,
MT-4/M973.png,paricle,
MT-4/M974.png,tennies,
MT-4/M975.png,variation,
MT-4/M976.png,zoologist,
MT-4/M977.png,xenphobic,
MT-4/M978.png,viviolk,
MT-4/M979.png,variation,
MT-4/M980.png,gives,
MT-4/M981.png,glord,
MT-4/M982.png,variation,
MT-4/M983.png,giang,
MT-4/M984.png,gird,
MT-4/M985.png,garden,
MT-4/M986.png,zoologist,
MT-4/M987.png,emotion,
MT-4/M988.png,factory,
MT-4/M989.png,fade,
MT-4/M990.png,gird,
MT-4/M991.png,factor,
MT-4/M992.png,parent,
MT-4/M993.png,ideal,
MT-4/M994.png,variation,
MT-4/M995.png,garden,
MT-4/M996.png,half,
MT-4/M997.png,hard,
MT-4/M998.png,eat,
MT-4/M999.png,glord,
MT-4/M1000.png,giange,
